,0.0005357142857142855,0.0005374149659863944,0.0005391156462585034,0.0005408163265306122,0.000542517006802721,0.0005442176870748299,0.0005459183673469387,0.0005476190476190475,0.0005493197278911564,0.0005510204081632652,0.0005527210884353741,0.0005544217687074829,0.0005561224489795917,0.0005578231292517006,0.0005595238095238095,0.0005612244897959183,0.0005629251700680272,0.0005646258503401359,0.0005663265306122448,0.0005680272108843536,0.0005697278911564625,0.0005714285714285714,0.0005731292517006802,0.000574829931972789,0.0005765306122448979
0,1266381901.5171113,1263139739.1854281,1255249781.4268444,1243426487.0251257,1229530754.4071536,1221486864.5159752,1206100578.4122248,1203921292.0117497,1211590991.8558428,1228019274.856059,1251308724.9461954,1273915102.1182647,1290937198.907262,1302764811.1598651,1307489849.8644383,1304189802.332293,1294033136.4869027,1277245230.402336,1256193652.6991713,1233536247.0034308,1213044936.8202932,1201860301.010397,1200408214.7231452,1209252859.0513117,1223684781.6758397
1,1190092927.6990852,1187067564.6067903,1188119126.0127654,1193825751.8536534,1200496531.1208603,1207168517.9531848,1216557770.7625716,1228685123.8309484,1239264035.916844,1249328253.7436874,1254770303.2895489,1258391078.7231185,1258251118.595468,1253510398.9085045,1244812174.35654,1231172769.0834174,1215691765.1468618,1198709092.3046842,1180594813.533983,1165137234.6289117,1152491196.6940866,1146161620.7358832,1143568530.1912286,1140438106.1310287,1136168879.4020615
2,1289271471.0775537,1305464840.2647629,1320024764.8547506,1331686763.423181,1338240328.9029317,1340440353.145751,1333709485.0036328,1325585972.6950102,1316815423.0258567,1309354937.488002,1305218446.5002806,1304060830.711981,1304251907.4328744,1302939678.72568,1299696758.1546714,1293819181.9700058,1285027726.0631218,1274088567.0081189,1262018759.7786682,1251143740.0358198,1237835945.304397,1223417790.8029242,1208969293.4204326,1196540747.7456927,1184977772.6557074
3,1266046178.6837566,1285403428.6539671,1304282927.0587878,1319956797.4016294,1329879039.7985547,1332463726.2505264,1321512558.1742103,1309742137.7554483,1294949228.9694388,1278488161.1598308,1260018451.9159684,1242203840.6540444,1227996277.2196383,1215769517.6768527,1208187639.9471192,1207115572.253687,1210784274.006804,1214928444.9957304,1216662694.2919621,1212618333.7629209,1205839393.2816432,1196915328.8385837,1188420619.5157437,1184643653.6856093,1185541245.399972
4,1178283062.226965,1186373170.16278,1194158990.113468,1200466738.9752662,1199510222.3808572,1198468115.588072,1187811928.7324052,1179256100.691446,1170015526.1748111,1163596880.0277393,1163138971.5925748,1165061179.8591685,1168276816.1418638,1171741831.1259522,1174484717.7171576,1177639786.6719985,1180010226.9568923,1181465398.6589544,1183747724.854732,1184983235.1774313,1183266368.2014773,1177915426.319662,1171111897.6942856,1163629552.8516114,1153649518.6079724
5,1249705933.7149334,1238012711.0982065,1219689762.6292768,1197539823.9824655,1175568146.840777,1162049722.4025466,1150114479.839835,1150111608.3553174,1158416071.1625361,1171761536.9452324,1189547220.7191918,1206461534.2081552,1220819438.8460388,1231469935.39668,1240617967.8960538,1244465629.0188954,1241201060.4707417,1231468541.528192,1217800789.1221576,1206539767.5690804,1199346007.2291586,1197552189.3616054,1199971653.4247239,1208758995.0064816,1225503603.1448689
6,1286744707.95467,1305139757.0040123,1322277077.1154842,1340280854.7473316,1358413346.5908992,1370043818.7137432,1380806226.8862855,1385009283.721644,1381735741.6191518,1371395830.701033,1352889892.230459,1330290068.203082,1305271393.109252,1280249045.3396628,1255931087.5502229,1234984260.979283,1218929079.8753254,1211133304.9576166,1207176811.4059262,1206575935.422837,1204682536.3171952,1200331030.1410456,1192202914.1716807,1183250930.6047487,1175543879.4404302
7,1228430212.2737508,1223165567.9197636,1219850474.5514376,1223356486.6338425,1234634191.7953176,1246649103.1760724,1264858913.5908165,1278361555.6955872,1288421080.7885494,1297466541.461655,1307604185.7142367,1317021184.9529428,1323264198.421672,1325572848.6497211,1325790033.2843823,1326787604.091792,1327747243.4201226,1331485058.4133112,1335909587.2969437,1341229993.976458,1347609773.3626568,1350502273.1134026,1349934214.9646506,1344941025.8440661,1337462186.2314308
8,1267567486.1035857,1275481452.6683629,1288823957.917585,1306469101.9144008,1324680823.8202672,1338262112.7579153,1356773732.5125475,1373462362.030667,1392807049.675243,1413945808.6558647,1433444089.396708,1445897100.6224551,1448807442.6933086,1446577019.1348193,1440776121.2498052,1432498703.387692,1420195578.4284253,1408793753.663238,1397576092.3986368,1388400273.1907742,1381200275.4943419,1377236687.0651364,1374011051.3785074,1372786880.8916306,1369140146.531438
9,1128733134.5949864,1138975738.587776,1148548954.5634098,1158131055.3427737,1169340194.1929195,1174739848.6427755,1184127934.1525028,1191612676.0653808,1201471390.3706212,1212104806.6749704,1223334356.730501,1235382336.8565583,1245994947.7566001,1256199047.228571,1263888474.746737,1267112013.0810921,1264250554.0310237,1252285072.875409,1232737964.9084916,1209003098.9622946,1186738625.1966846,1171257038.0191655,1163129614.7309928,1163489582.5480099,1173398417.079546
10,1233938381.066274,1232542422.6531415,1231519482.5130935,1231452592.8010168,1236445918.432202,1242732568.1833513,1257298161.129903,1271318865.7123277,1284531730.374292,1293975101.2055845,1296762228.1712878,1294186196.7892852,1286271627.439329,1272282864.5175767,1252096628.6778867,1226388382.6731405,1197388376.5430686,1174379405.414937,1158956944.4951825,1152027532.648898,1150446422.931146,1152088466.8680735,1158004679.0509505,1168468357.3481607,1186639123.4458969
11,1197378721.7020824,1182925251.8394105,1173826277.047064,1170152694.903812,1167997087.3307948,1166974965.201027,1164121655.7232373,1162221057.9260898,1160188958.878723,1158638826.1367404,1157979030.111164,1156932374.512374,1155839666.7206244,1157543069.3597066,1160720708.483039,1166115714.323042,1174216231.2565858,1184763253.4179971,1196018975.867897,1205114804.8588808,1212289375.8314674,1216809601.7298245,1219470253.813251,1220815188.633614,1222806043.288096
12,1242567164.4634178,1257994687.109757,1272107289.4445398,1284933367.0621545,1294334288.3322012,1300362803.9366248,1304161314.8093545,1303337585.8107748,1299030439.5802,1289697561.012699,1279084797.8140152,1268624269.0928872,1258322901.0499723,1247425230.494008,1235784926.8612115,1221269933.5840676,1202651614.5203383,1179406075.2258759,1156227697.7072053,1135437500.654839,1117866873.022843,1102672230.3594131,1089603287.223569,1081380102.3443737,1079728982.8985565
13,1174475147.4987988,1184663817.1378589,1192887229.6340716,1196495648.416352,1194470520.7488587,1189868436.769624,1179470500.7824066,1171977159.6206903,1166162452.247222,1167442207.235402,1174123909.4029536,1182502524.4802346,1191699763.4091198,1202813823.2467537,1212672571.4358094,1220354023.2057018,1224514107.0690367,1223852070.3838997,1216946426.6473515,1205491453.9187257,1193342680.630316,1180355764.694628,1166634369.9538648,1153901649.2666936,1140304713.1826944
14,1184229160.4880896,1193412444.5534868,1201298867.600479,1206387439.2081184,1209323129.0258915,1211901162.7313395,1211355614.3341026,1212970181.4183135,1213396817.6565893,1212980712.7907112,1212563830.861772,1214148759.4554603,1216011032.231178,1215740178.7332044,1212209850.3288732,1207433201.5124269,1205321579.5249012,1207063944.0035448,1214373912.0458682,1228515753.738526,1247235052.2028692,1266634796.468319,1284527863.8148863,1298663952.9934928,1309579609.364276
15,1170294173.2244215,1166450778.920966,1160013130.57318,1150535553.9454849,1137413243.7207713,1128110312.090273,1111072467.5434523,1100766871.695065,1094219127.702015,1090035066.0806446,1088137786.3035307,1090897043.572446,1096276926.1197543,1103539150.8523784,1109735955.7089143,1116098626.6122203,1122077876.5742369,1130459057.9050136,1137947153.995324,1145855579.3739545,1153462290.8469884,1160033300.7922313,1165368392.6611679,1173013331.0565295,1186700602.7222667
16,1103549245.9511583,1116179884.4758224,1127687586.7398827,1136993999.713905,1142325886.1294045,1140366123.688189,1138443392.4864433,1136733672.6083722,1136933552.164679,1138577643.8917444,1142314671.5503035,1147882452.4835527,1154165830.446071,1157588294.0623677,1158017310.2802472,1160035450.9314969,1165748651.0096855,1174694841.3771195,1185144576.706624,1191255284.7610438,1193781023.660095,1195639219.3257327,1195648082.6234262,1194398591.0328205,1186921441.2833729
17,1211359042.0586169,1215445254.303201,1220336679.6024737,1226873833.250322,1232433859.2139392,1237619755.9807942,1246462630.8109243,1254420852.481482,1261313627.1566687,1266764666.7462237,1270246662.8729384,1270012758.9729254,1266025475.462119,1258714693.8537006,1249334304.4306364,1235753866.1960394,1220664393.0360508,1208425195.6655717,1194328495.7127767,1180634299.8719254,1164908155.4558222,1155086755.8190327,1150229376.3791711,1149219888.4330335,1152168818.9546404
18,1178472093.092256,1200994292.0359695,1220913107.324737,1236549812.1559515,1251315727.9690404,1259074556.4564323,1271344792.923902,1279989689.4879196,1286217298.7126045,1290035605.4665494,1289685562.8852136,1285733116.3121166,1279148219.093362,1268337080.6441839,1252922885.2304316,1236817101.493213,1220725653.9204862,1207892343.4394348,1197267960.56506,1191777907.4912224,1188136498.965305,1187334707.4646626,1189145824.0796986,1192186705.375737,1197989396.312126
19,1077454292.896742,1087775289.5948591,1099988312.888304,1111258926.5921438,1122141707.0024529,1127603635.4746158,1134496200.566276,1140096771.387836,1149491626.52243,1161826838.5731287,1175667488.5193074,1190985689.56922,1206244709.8828835,1220453269.8273697,1229415225.609571,1232202835.0063899,1230540837.9500046,1224902227.2348087,1215238845.2897248,1203762233.653069,1191508172.3631558,1182422387.0201106,1177033694.9089212,1176751576.7303362,1179131525.3748848
20,1288392003.3148668,1292555857.6164584,1294949962.1590388,1295198884.8318892,1293330470.0128086,1291356578.863158,1282310181.4003365,1272845017.0411084,1263005866.1966386,1251831900.2195334,1243185808.2356334,1240737526.8347313,1244429365.7571852,1254688042.8741577,1271685079.908249,1291363763.241519,1314014977.2701914,1335319465.3513489,1351115009.137399,1358458506.3611279,1357224439.206773,1348112425.3959594,1332089309.417508,1311750209.9013941,1286637539.6033695
21,1218407372.1574373,1217890082.7618644,1211197049.5484514,1196660277.977614,1177113921.0310857,1161216959.6682224,1136284725.7545216,1119747531.5999193,1107607214.4502184,1101599400.6513762,1103494271.6798713,1111526223.526957,1122437565.4821885,1136260782.5392635,1149858559.4368134,1161427548.873778,1174734744.2768388,1186318831.0479357,1192863916.6239533,1197900890.8724976,1201634825.8687582,1205666805.7813697,1205930396.648742,1205827776.0677319,1207790802.0108097
22,1235183766.1579583,1229862455.787144,1219359741.5536618,1206820701.0253775,1196886737.4834628,1194993484.6990557,1198395357.2505193,1207151660.0121486,1221197167.9483466,1238140911.0355744,1254296490.0599933,1266585351.4975376,1274676592.2274399,1281293531.4280448,1285299352.7573974,1281467900.0167193,1270500027.2023354,1255009893.2429824,1236346853.9229693,1217385307.8067656,1200503781.7223284,1186591446.4379144,1173440440.1171994,1158239932.1503253,1139157950.3816116
23,1137593990.5918825,1144607192.7396686,1154422782.891473,1166027376.7074063,1174374323.598419,1181418816.401607,1186953113.739864,1189268337.3237123,1190566849.0570238,1187667161.1241684,1180794986.7199109,1173338850.66898,1166791157.4080946,1162792261.427017,1164003975.62701,1170894467.5955563,1181591275.3434236,1193424984.16352,1211027801.133151,1232424239.738064,1256522006.1417515,1279479432.9079528,1302108790.2478793,1323016383.1545417,1340076921.4335542
24,1223909808.6602514,1209087444.3055627,1196045999.242141,1187507775.6811223,1183670777.035656,1180366111.9817152,1177578301.6360168,1180509866.977423,1188505637.9735675,1202683360.8873563,1220842761.9379966,1239131378.929117,1257435183.0426478,1275748763.462331,1290815238.2012644,1303171106.7188635,1316039984.9256115,1329153611.616309,1345547501.6041408,1363175153.3317697,1381077839.7652018,1397057957.4063964,1412265929.0347598,1424222773.6756573,1433214238.9665275
25,1191442492.4067018,1181553162.854675,1173555583.662246,1172972370.8268027,1181268860.527649,1187840138.4825125,1204375639.2369905,1216177208.818871,1226780736.4380386,1236456871.6694887,1244766053.845612,1250352271.2104933,1254624924.3508065,1255232960.7826338,1250760930.8408625,1240471734.5892706,1224723370.1727924,1203336910.761989,1175746734.4405453,1152424387.6047127,1133624543.0741243,1121221896.831736,1112982308.5262165,1110644967.3289204,1112619148.6298804
26,1128659799.4948344,1112544663.1028476,1099656264.3642519,1093621125.7678206,1096858972.3710115,1102974588.456022,1125840046.5057747,1151213843.6190798,1181427541.9881172,1212648162.5411112,1240734365.9175646,1262404273.9628668,1276276067.580428,1281754153.0181205,1276882288.4662025,1265321151.9901593,1248689046.1429057,1231178181.053255,1213003791.093063,1196417478.0405025,1180194984.1128824,1165544715.311103,1151030211.5811431,1139947306.8813643,1133268636.6974392
27,1204489449.0404754,1189440848.6206574,1177538368.508542,1165763660.0764115,1155047117.0222027,1150980820.2344203,1145874928.0372002,1150201609.5651143,1160188162.9051297,1170976530.2652261,1182917214.1093004,1194276076.0470302,1204782941.4977314,1215169803.1835632,1224354098.9525127,1232684483.427159,1242723259.3392057,1252909690.5246847,1266989161.818633,1280624748.4301984,1289991978.6580522,1295202480.8874428,1296812969.1078088,1293998923.756786,1284434201.7720876
28,1118667618.2279062,1132958599.4085295,1150098533.9738824,1167272869.9077485,1181052038.3609543,1190037919.2000163,1195010536.6825862,1192074220.611097,1184921528.9159286,1178384747.8466394,1173093262.8213468,1168630605.9872737,1162988819.2305243,1159222656.8411078,1158863785.468585,1162929296.73503,1168130896.427978,1170756782.4229503,1171131930.2901182,1171826299.739771,1171560117.3991954,1172918153.5576148,1176281418.5675755,1180218702.8301134,1182845933.58438
29,1207022258.759954,1199199629.5752218,1191676159.6455648,1185517737.7861686,1179901359.0712705,1177989831.0662053,1177279029.3023934,1181552511.3372307,1182483967.2251492,1180097351.4046993,1176852709.831226,1175461255.3095198,1173264864.9651554,1171369929.1856875,1173070050.236082,1177152914.2008576,1183748827.6362917,1192817067.4054065,1203082070.1248903,1214110767.331268,1226594783.119195,1236154659.2374177,1243589555.2074814,1247607235.5293212,1248175044.463421
30,1310830085.773098,1293292429.2231028,1278663412.8307836,1266672906.3997416,1260507565.071073,1263180360.2254748,1273552124.5221934,1282431824.4961243,1285391059.0022063,1282461504.3855734,1276170243.4122329,1269482127.936486,1260640689.330743,1251300512.024283,1241164560.649319,1232636849.0524218,1225063968.2738035,1219052798.5386124,1212830033.6460772,1210988829.3293958,1207088337.6694248,1204305044.1754346,1203221063.516035,1202816928.5279667,1200441919.7914622
31,1214878522.567285,1221876484.849622,1230078289.6686356,1239063554.7103198,1248698948.4872372,1254511732.5213492,1251899075.9488652,1243117872.6038995,1234216966.7821124,1225975154.194803,1218687574.124833,1214280976.0454845,1210607744.7589397,1206981836.932619,1200258758.9397297,1191739293.6927724,1176473275.7797058,1158122743.619736,1140432246.5243363,1126235320.1002498,1118063723.8050752,1118561125.8967578,1126287966.1801407,1141053327.5941286,1162961582.9995928
32,1325541828.941509,1342437112.203989,1352641072.9040658,1356682057.6989467,1355998354.6591585,1353130950.2728972,1344767326.0304449,1336257797.2802486,1328063802.8075423,1322856348.0120337,1317244725.8355243,1310482722.7711496,1303856938.142439,1295847378.9147828,1291803392.7195227,1289758341.8593707,1285049235.2992008,1280102713.5401373,1273467463.962649,1264230241.1519215,1253344328.3293972,1244769618.603946,1239364961.8995335,1233960283.5966954,1227253568.1256754
33,1196842065.617148,1191777321.202077,1185845369.4063895,1184289361.80417,1185596740.0967705,1193125826.6328452,1210678747.9870398,1224349978.9186726,1236567412.1513848,1247302234.9949417,1259165223.0093565,1269136860.376315,1278740050.1762435,1287021536.3387015,1293177012.598609,1295944292.6361477,1295626816.9555395,1295307956.9363806,1293370328.7924325,1294359134.9976907,1295776062.8875165,1298457768.0471451,1298919834.1759949,1295941539.692922,1288680198.8955348
34,1206974280.5903184,1199944404.2831628,1191662981.870375,1184470729.5849965,1179697680.188655,1179375456.390152,1185997649.12106,1197305798.8157852,1212325387.1580195,1231363832.8533194,1250042113.070135,1267604483.77332,1279426066.7072988,1285127843.1530306,1280909905.191334,1268406192.142161,1252390171.6463447,1236377683.9736457,1222820053.7383025,1209855910.7538633,1203752564.98874,1208780890.6719162,1219798546.8942838,1233956688.9392579,1249768373.8560967
35,1130815157.1575122,1138963407.8838751,1149548561.8157947,1161035713.424894,1171821597.856565,1175856710.7482448,1184772900.5163474,1191245221.500905,1202186188.625001,1216601543.1840715,1231004246.4804244,1242070479.760999,1251135504.9627995,1258134802.9095564,1262958307.9521956,1265049964.3487828,1265165385.344422,1264760330.5391688,1266513205.4536214,1267521878.5716448,1268577500.6632507,1270128847.650169,1272885714.114139,1275805114.715616,1277651292.6575613
36,1127097164.5396767,1142383820.3736959,1155351213.4143262,1167145825.3928757,1179711644.8764656,1186345787.1310604,1198531958.623864,1205848522.1266227,1214546752.2129114,1224829598.868432,1234773452.896423,1243703445.0333824,1252178815.4086378,1260924765.798423,1266035688.0593233,1268758118.1324487,1266950117.2852838,1262241150.676198,1255514231.3962152,1245571814.8186562,1232003497.7316947,1215341931.4786613,1199921028.663905,1186432854.5543985,1174812845.335624
37,1149163060.9111204,1155661358.5557475,1159100995.9930995,1163150109.1453109,1167627186.0758867,1171331679.9084992,1180426055.5801396,1191292532.745414,1209233283.363158,1230070911.6826763,1250916730.6390357,1265435088.3395507,1275892729.4014242,1280010915.532257,1275921099.1725016,1266201251.9319148,1250710081.1024363,1232126654.169628,1209911742.720489,1182369054.0660598,1151516744.2162814,1124582935.3768559,1103145036.6754296,1086604360.3464348,1069879650.8014659
38,1353814928.7832594,1359477831.7727656,1359844590.2183092,1355159184.5437396,1344703099.0534003,1337270045.9279077,1311212004.9472525,1287964972.8303754,1262042529.6665335,1233835562.4417121,1204193058.9316003,1178999531.0485687,1156545221.1298046,1137716577.3398056,1118980795.4521728,1103670362.6440115,1091482816.5149372,1083339008.9990695,1079575374.7100105,1081809366.1327899,1090289339.9718819,1101531339.4008427,1116086355.4528103,1131561782.166723,1147988508.278353
39,1196809172.9169428,1188882200.0980914,1177563343.9159923,1165267478.4941106,1157918052.242598,1154270616.6898677,1162184245.866065,1175946850.0891316,1193110230.397655,1213446085.761477,1233075562.0261834,1249106524.202494,1262454473.7571504,1272720673.2355678,1278836779.3144507,1281363190.599,1284089910.1726816,1287255190.9836476,1290594518.0223305,1297241610.4687004,1306945572.6659071,1317775046.830003,1329986819.0674617,1339291799.971284,1344424153.5872772
40,1119117666.6888607,1131399334.6874037,1141057878.2802758,1147678379.0226898,1149027040.6755219,1151986230.1058772,1154224056.2933095,1154014434.6243138,1151856004.5575907,1146851267.6710484,1141986667.5822392,1136625287.305351,1127764300.7034466,1116040330.711082,1106144408.5284748,1102236108.8306968,1100974310.7538965,1101367257.8850367,1103278522.1153934,1106872661.2987072,1111641049.6694534,1115002447.442944,1120728486.8064048,1129234021.230194,1141064268.9421225
41,1129884328.8497665,1116502829.5444973,1104315056.345353,1097762727.2097106,1095861224.9322312,1096509041.3255193,1100456824.147718,1107449363.2415245,1117390876.1165233,1132246767.791412,1146889630.3059485,1158311247.3555787,1169776751.7444587,1177586058.92204,1179892691.7770503,1180703191.218089,1183870006.0573723,1186416015.2592292,1190721268.315842,1199128941.0362873,1214511387.8897064,1231192432.4063334,1248305882.8496876,1261223851.2757192,1275038966.981839
42,1190143498.0110419,1182486588.8544328,1175921390.1774483,1168935136.5647693,1161996135.9948125,1158983831.1602721,1156411751.7220259,1158654634.7778795,1161401619.2328017,1165805734.5400388,1170450597.3169694,1173421407.780545,1173531360.0929537,1169996830.4878428,1163905506.9460187,1156491015.822969,1150688830.7964983,1148016516.8433268,1150000800.8748422,1158847606.508468,1172573152.5914211,1187911471.28976,1203527881.8651526,1214369970.757165,1222135486.3745232
43,1228685116.408189,1236912847.1551275,1246024813.8137476,1255373871.1609771,1262584452.1467173,1265924903.998921,1264548024.2519126,1258489227.6242433,1247540878.1379795,1231391776.7843544,1214846148.3301308,1200824073.0374515,1190658888.2462823,1186401206.8941114,1185469811.3027468,1187883823.8984337,1189123038.4576788,1187375414.7023427,1185151344.7917206,1182499591.8883915,1179759855.1974263,1176558523.7239494,1176832590.06477,1179065172.7764506,1184373407.577621
44,1279311980.0835319,1271773410.5576177,1261940240.8209805,1250969598.7875261,1236816612.4824903,1229802727.0221026,1218297806.2127743,1213567182.4277382,1215363651.7144437,1221790496.2169187,1231906754.0811172,1245206858.4110436,1257613487.0759413,1266627148.679285,1272934880.953216,1275227931.0559223,1274868521.5609949,1270856542.6349602,1262131010.9700084,1250547977.6621082,1236101394.2879534,1224087165.9342864,1215120202.8199997,1209582120.0438678,1207300661.0265496
45,1218481714.879063,1196300332.5090337,1174645154.6683059,1159073048.3783195,1155759067.7752347,1159592444.5957692,1182830933.9868798,1210980997.94718,1244004841.955684,1277851238.9108546,1305926249.4423208,1323825591.0442324,1332504537.1940708,1333571150.0616577,1324828158.448587,1310066478.9522703,1291624386.3846483,1274027451.3564072,1259435618.5426526,1250134926.9547992,1245504209.9190311,1242964958.5761464,1242207222.2254212,1240617301.752617,1241355063.0407481
46,1157305750.4245558,1160832181.200914,1163520024.0120883,1165182867.787618,1164251285.7074337,1159779814.5414872,1150300953.449872,1143537377.1958117,1139651413.1531098,1138763837.647343,1142654276.279558,1149968197.9797509,1157810128.8193233,1165742851.2087612,1175199045.5746338,1187407039.0007741,1201571314.9889424,1216335662.808656,1231798311.4351485,1246644937.2653883,1260709829.6316152,1271381454.4042552,1275728053.1791904,1272950159.1308105,1263836262.2888777
47,1273310352.5610068,1259672932.9442935,1240884192.696672,1221469861.151832,1204372323.4062624,1195844771.6286843,1187275662.8198476,1189593955.073589,1197171083.3193562,1208225592.2351031,1221575536.1064527,1234991150.2069786,1247906629.2058299,1261511530.8912957,1272740015.891408,1280082137.7737732,1285509702.9896607,1288402300.7234647,1291057381.495142,1294681672.7921371,1301493142.5388827,1309046672.4019144,1313423473.9619832,1313945610.5718784,1311520213.3794994
48,1230375885.0490527,1244562621.9425826,1250360381.0328665,1250881425.662244,1250284877.977107,1251842511.7945936,1256751785.0226028,1263719691.4998727,1270422765.4485896,1273920468.7982278,1274790080.9555666,1272910825.8975983,1268214439.1830883,1260432780.8947206,1249292044.8553596,1238515242.4952095,1225527806.3270485,1211859845.1796412,1199804124.7481267,1193284350.3000085,1192676640.923242,1197440994.3055258,1206675743.2597253,1218430770.6856575,1232840357.2939506
49,1097232624.120838,1136054330.9507344,1175062703.3551064,1213360524.2738757,1249941630.6787295,1273327094.5425313,1303364129.4750564,1318565361.83318,1325585651.44526,1330269202.9657857,1333980508.6906931,1336590308.5374749,1338059687.0118291,1336544128.5402768,1332292887.7010286,1327868552.294506,1323538065.910292,1316270894.8169556,1305636159.465652,1297168811.6313486,1292461933.3022172,1292207661.919844,1294691347.392352,1295344069.1021695,1293189053.470106
50,1145672291.7262151,1163781586.7469728,1182458531.3852487,1202187062.3679998,1220560834.022311,1233446913.1486773,1249930413.3855348,1260843777.8323433,1270144172.6058648,1278138829.061461,1284773237.6299064,1287111411.6481168,1286763076.6445868,1284484834.6493998,1278851345.5430527,1271510561.307792,1264914532.235139,1257500593.8754525,1246668007.9965172,1236472736.4796736,1228939674.6424055,1220475093.6149983,1211713542.9577262,1204386133.7014527,1200840656.4288692
51,1193085542.8677359,1193551507.9056811,1199796416.5388873,1210893414.0408278,1228146671.741324,1240060067.1907632,1257535515.0596745,1265858835.2840068,1272637820.8908813,1281769260.4392822,1292732313.1056335,1304781416.4353018,1317511127.4251087,1330844599.731689,1338932686.4311166,1338839091.7273793,1334479515.514348,1326428501.3545506,1319484024.5253122,1316505316.8379202,1314584960.004906,1314215305.587745,1313242435.0350332,1309873094.9383144,1300226583.1836116
52,1153792066.4324229,1156116697.5537496,1162137299.1196344,1170018743.2776287,1175029298.4146316,1179940214.101084,1178959994.2469807,1171558127.5581796,1160804881.9653988,1151993838.9421878,1151571157.846312,1154121224.1972651,1157250657.207647,1160037997.5573566,1167046821.1282213,1177186454.7030923,1188156762.5984914,1197910368.9462326,1206541032.5205863,1210797778.3632693,1210155124.689676,1204560783.0320082,1192585739.258646,1177636143.0836215,1160984488.0499346
53,1215876914.4245763,1220570781.829941,1223597775.5018144,1225720013.584456,1227804444.933281,1231095754.9309952,1237015409.8869488,1243426661.9677382,1253234551.7763138,1264245324.986452,1276241762.2298532,1284053936.407068,1287778132.7152152,1287637256.1662626,1284529728.3315403,1281186335.4296727,1279126917.4276862,1279827134.9031565,1285666543.3750386,1296043351.4451132,1309626199.1547687,1322849214.3981924,1336481466.9133909,1345420323.7208602,1352114659.1162574
54,1217282431.0386012,1204844578.859775,1195036455.743255,1190234710.1746378,1190538873.3959293,1190914604.0382712,1194107732.2634935,1200953738.3045518,1208575321.8657875,1215676012.692187,1221704195.1643746,1228487761.1330938,1235480271.0540411,1241104077.7535453,1247336528.697003,1252587134.1224234,1254797325.0640476,1251753295.1917446,1246678484.4450328,1239916297.5197265,1228490192.3979645,1218741458.0033185,1214283390.1411035,1213922344.251364,1217467968.4795587
55,1283608189.9700081,1264160246.5170064,1243029136.448138,1222885805.9489188,1207541120.2644374,1195824294.7910047,1183436785.891721,1178901710.0565321,1176767923.332057,1176675235.4475915,1177167754.05433,1178325551.406925,1184057729.6036568,1192780488.7817292,1202584972.8736904,1212014555.8560092,1218652940.3446453,1223708100.3597806,1227143164.2416341,1229361319.0170212,1230213841.0001526,1230773167.127856,1230964813.1945002,1231202177.5075414,1229976977.5059128
56,1311536090.6536152,1326370337.3933375,1339493568.1838355,1348176795.0907629,1345347765.3820531,1338860691.4712794,1309701463.5461557,1278796139.1549327,1244876512.6596923,1210794130.981699,1181788964.8818414,1160055701.1320968,1147587210.8573549,1144543269.5096107,1151268649.1604404,1165025300.5249777,1180356392.0495954,1193527810.841355,1204056961.6976187,1211817074.0424023,1213312154.0836866,1209864133.3396592,1202097525.8628137,1192662604.1786933,1183510264.8221333
57,1227822587.2793458,1219423152.444103,1209872776.7235093,1200493998.2309644,1192432215.3581517,1189460069.7287862,1179210729.86758,1166217562.0556872,1153649639.5568118,1145498434.7492847,1144343039.561318,1150407161.6685483,1160450067.6328943,1170219488.3026674,1178199117.9754958,1184504200.2412884,1189186423.1552856,1193792535.2495263,1195470722.3634334,1193233449.86352,1193656875.1759136,1199066595.6553347,1203301785.476855,1208010782.732596,1213241225.6220996
58,1213010199.9915075,1196743644.2576225,1181848207.4469812,1169274260.0484414,1162840434.2818604,1161124686.6329618,1165090369.1833649,1172545233.7374141,1184350262.7431152,1200066770.9447756,1218798568.5275106,1234674347.8093412,1248224971.9125862,1258826685.6053135,1266335727.8778234,1270807813.2319057,1275947181.3130617,1282093859.2792788,1289029291.976277,1297922433.2407246,1308979851.3368483,1316285591.6175334,1324436992.0091212,1334439079.28189,1342600136.398188
59,1155540661.9389417,1135294394.2798553,1119162079.3658512,1106716240.0491638,1095217805.3686593,1093337368.0720005,1091213761.162258,1095496483.5398786,1106134907.415074,1119349496.5430105,1132738897.3242633,1148083205.2061775,1162488257.5187109,1172178973.9885585,1177155125.8443193,1179307806.911095,1181664425.4279716,1186701461.7509315,1192858885.6071498,1200986863.5706406,1211164880.7231047,1224147723.6057808,1240530679.8716984,1257421378.9587066,1274938164.95041
60,1248179760.1010005,1242551914.5905876,1236569322.4540238,1229541961.6538775,1221743341.9750397,1218823303.3223732,1216787424.9315748,1218962159.4295144,1223495114.5564222,1227627761.3357918,1234572566.8471262,1243165697.4854121,1253431196.8545485,1263199422.663641,1271929074.2934835,1274167426.662101,1272070110.8317833,1268239601.2350435,1265189422.4458685,1263223833.0080612,1259910041.7206364,1258722432.236018,1257610227.6524236,1258865053.2030902,1263037945.3064642
61,1289009612.4300346,1285310074.304537,1279214432.925542,1270623248.3223033,1262049849.0614996,1259826847.2235606,1260642736.2451625,1269177705.1872633,1280814638.7939973,1292481087.9573832,1300513699.3589146,1302690189.3668983,1299355683.8442523,1295434362.5184343,1291102310.7859533,1286227271.1608381,1281972215.5385416,1278198992.2973325,1271933845.5580873,1262550291.619548,1247471984.5411208,1229577919.3001335,1210031013.2014964,1187848626.6764147,1160580499.409456
62,1231593279.175471,1214168682.1096752,1193257743.65455,1173309266.614149,1156667732.4502032,1150575585.7754376,1146598947.923673,1150109195.6645849,1158857259.0789177,1171001344.273129,1184954524.41717,1199308567.1068552,1212554879.4229548,1224012538.3797123,1232202041.7323031,1237650163.256573,1237686771.909636,1232481279.45336,1222198562.6826751,1207860481.5977666,1192430415.8791072,1179983084.051849,1172533901.8145387,1167145991.9703774,1169013070.5328054
63,1185698174.7506866,1198110613.5041625,1209476229.8492844,1218668464.034171,1227530511.4809132,1233184154.6568816,1248208503.3832004,1263292013.5933635,1279816485.784217,1296312755.3541622,1308952724.881651,1318328376.7338185,1322278802.874141,1323897001.1640952,1322696238.4736557,1315775156.061795,1302371046.5229301,1286322088.211816,1273072610.282438,1264416735.3159685,1256881545.2531874,1253384871.3040538,1256230057.2593021,1263649976.810176,1273224862.685568
64,1298751528.9654906,1301292236.1920152,1302335242.3158243,1300720609.2752292,1293250791.2975247,1287557076.190234,1274120015.0536993,1263188336.8753724,1255237119.266072,1247306364.6911385,1239476958.7720833,1230783040.3768487,1221348324.4617968,1210002419.3988266,1200101878.5726151,1187842583.5023012,1172669542.5897193,1159643231.8496697,1150870906.0425336,1144094062.6672392,1145965604.495157,1152056901.797598,1160050917.2838337,1170240248.4579275,1182983823.7904644
65,1247099192.7715685,1242243658.4823072,1239601434.9170783,1240027700.7050667,1243009399.1593866,1246719934.5385375,1246424822.0350976,1243391143.6586096,1237039142.4669003,1228519017.6084135,1218165101.126528,1206751700.2638876,1194548312.5807576,1182079546.2550013,1172351605.9513252,1168220496.82704,1167512061.9817429,1165623533.8527963,1163894837.911964,1169559147.9957376,1182657007.5898561,1201970871.9449348,1225528165.548235,1248697087.3909514,1268131894.4832745
66,1169531068.5285137,1160997234.85268,1158712418.7200012,1163323863.7741237,1176112097.1615336,1185374668.3185751,1211273723.393174,1232378479.086464,1246827070.202331,1256953830.3953283,1263494625.5817912,1264446967.7050858,1259330204.9163115,1250046474.2946808,1237870561.9148695,1223239658.6453102,1204914062.7409623,1185307735.806129,1169505583.990386,1160799935.491376,1160345877.8031633,1161778884.5080307,1166367695.510628,1172473493.3359501,1177594976.7389271
67,1057638392.1204938,1065034157.6670008,1073402495.9692562,1079847817.627103,1083751671.7451377,1085203062.8543162,1089542817.2168996,1096654837.8572116,1107617014.30186,1123480246.772861,1140588273.2092156,1155493659.7721782,1169791728.6864343,1183179521.0900722,1197582374.359465,1210278055.0061555,1224652867.7643075,1237742638.5855327,1249332636.0768533,1260790025.8111513,1270827528.2692146,1278538518.8979518,1283234897.77004,1288155683.488445,1290196856.7524729
68,1287238046.0316272,1288783112.23671,1291745989.2696064,1293095613.32558,1291457604.9477413,1289938776.9100947,1285051312.1734562,1281959791.0927038,1277947229.746124,1276144920.0175996,1277157130.5362234,1278176719.1561816,1278936111.6412263,1279568430.3803117,1280842685.9488487,1282521468.6388485,1280618453.318421,1275546431.8398461,1268820638.5342188,1262129458.2915416,1255184331.2700253,1253954083.5849187,1255980131.7248251,1258301963.6630976,1259107829.5060194
69,1181204045.5010967,1186561363.1274047,1192200456.9616528,1196660012.2711701,1198011702.9977386,1196643619.1103237,1183535210.7413127,1170812978.1329544,1157701313.4926777,1141654406.941227,1125537536.4253044,1114678846.603548,1106147852.6896162,1102396801.4543855,1102601647.212937,1108798365.9069657,1119527932.5863924,1134543223.7607558,1150438095.9185762,1165032054.3021452,1177900076.8485782,1187354327.086901,1196726832.8444123,1205341034.13495,1215975446.2004008
70,1191030594.0440788,1184361524.138167,1178905164.2379777,1171937097.442932,1165815487.6557527,1163559061.4841542,1166698350.808659,1174651902.079095,1187422221.754234,1203429625.875389,1220275577.0102708,1239308748.6718202,1260401096.6852129,1281991895.4266436,1299437006.787663,1311278001.8998976,1317876099.9086158,1319722356.8226886,1319349980.960847,1318248651.0879955,1316315013.4747267,1311295641.165855,1304418817.859786,1298147359.8159685,1291921926.5215402
71,1105482782.907752,1095371975.7971315,1087437096.9688616,1083566850.6533651,1092133844.8242247,1099126411.2121406,1123574513.2124293,1147093148.1754456,1170195625.266681,1192812304.4655821,1215642912.4725924,1236300069.387948,1254720379.2630475,1266840437.3074636,1275081479.1032383,1278942651.277369,1281209609.8019211,1282807458.99836,1286371966.4350863,1290149803.2072396,1294427318.8712754,1301643794.5556588,1305654822.7202842,1305627967.7853577,1299903819.3041072
72,1105679746.416718,1125031227.9350708,1144910843.2429752,1162643336.828318,1174246801.3185797,1175049181.9199407,1176788364.0731702,1173029311.8492653,1170415794.2431977,1168868284.5611894,1169256415.370068,1169678637.7033868,1171418686.3401375,1173190625.986057,1172863198.211636,1170500215.975285,1166555193.8343103,1160383333.9982042,1150563176.6644692,1141149058.3892157,1133688934.770466,1129472546.1640875,1131086559.9353561,1135750874.352877,1143016385.208259
73,1165844083.8395739,1165877611.9702642,1165091832.23716,1164804834.3818116,1166190735.4452739,1168127383.3497236,1176316175.4389284,1187697505.9404998,1207091594.776169,1233921161.7722237,1265247438.2055914,1295534893.7786806,1322126385.4924421,1343143915.003231,1354665947.7147288,1357061950.0448744,1355692177.5101204,1353543513.6012962,1356016659.3679345,1360070960.835012,1363345060.08157,1363548481.14958,1359098201.28164,1349620211.3324735,1332101184.108728
74,1208792089.318526,1196225160.319421,1190224526.8536994,1187821196.4306712,1190171977.4941237,1196000799.4558907,1212840969.5704756,1229719112.8226833,1248302221.3159056,1266851152.5946913,1285150697.4848323,1301649961.0612152,1315523844.9123058,1325881843.1956487,1328544766.0664752,1322670341.5847688,1311573689.7541184,1296608468.8312144,1279744638.2118697,1263850695.0245512,1250051446.8532732,1245001246.2508886,1247516972.4177868,1250771180.5038962,1255313049.8391173
75,1208916904.291271,1229848215.3167036,1245494572.9805372,1254984211.2373946,1257611278.429757,1255154308.3344345,1245111093.576711,1236111819.5208006,1228431801.6950676,1220353111.243241,1211159541.8118088,1204081579.1528263,1198627802.6647608,1190472918.7974224,1180242845.0067978,1167065262.9849284,1153950488.4816077,1141794930.0210547,1126402308.1157894,1111308600.9469657,1098482580.5903823,1088476892.0323505,1083460014.5123105,1086809440.8361578,1093819608.7035062
76,1125321979.9482653,1120922714.2134733,1115364927.495216,1111737597.989181,1113466883.9954326,1112342802.4016957,1115855686.42725,1123257843.192879,1133204282.5543,1144529130.3408318,1154842323.07585,1166369611.7700987,1179546143.3205934,1192437541.1065614,1203305510.5692255,1211001132.4214554,1218204708.8333583,1222230038.381012,1222605967.2251556,1219218605.1351917,1211992836.5024881,1198974332.2551475,1180392309.752231,1161381162.7856004,1142766111.6755106
77,1239886239.3738601,1243277472.0625746,1246898479.6306016,1249112910.5820446,1250809140.460983,1247259249.6892126,1244912227.319687,1251054921.4084234,1263864550.7513864,1278510717.793611,1292696645.8397784,1306656850.343842,1318623915.8393688,1328923674.0009594,1340049836.0937378,1351043093.5722442,1357502441.40211,1361405852.8729103,1360221871.6057646,1353571529.4663782,1339793216.3704212,1319605672.5205138,1294584936.4085,1267907969.2344227,1242255613.48311
78,1175313182.6551476,1170793895.8242662,1171348654.9130342,1175323988.1366649,1180625427.0430171,1189175546.9043894,1204895933.8974051,1218368269.03356,1231332088.535415,1242442940.7850616,1250481961.9408987,1254333964.512194,1256987843.5819182,1257522927.4247034,1257832006.9262545,1259031607.2280483,1258604459.9204743,1255750186.3716018,1249784279.2499135,1245165617.48523,1241296405.1509838,1239687743.0576165,1238987013.9168255,1235771147.4881,1232605813.914938
79,1247540048.6613667,1231023146.177563,1213236949.0351465,1197792346.5347836,1187059810.0368161,1185797045.373724,1190891840.8464994,1203456026.628409,1219317778.0783763,1237471131.0337675,1257701093.4344578,1277210273.8235419,1293302931.1572764,1305040247.2124662,1313192448.8988433,1318100803.9433227,1315302614.4407105,1303716280.624552,1286374187.251486,1267564154.793288,1247793401.8729236,1230511527.7491426,1217727315.9068594,1211069246.6797724,1210153490.3220806
80,1176892639.6092641,1177368012.0787687,1177981275.8918622,1182002469.4864004,1187927372.469543,1192049103.3894963,1199600441.172884,1205128502.7040615,1207340778.8820107,1207550272.0023222,1207880293.2141213,1205483567.4536326,1201717201.5062819,1198003606.2906044,1193077408.3971128,1187208090.6258056,1179790420.8872828,1174711342.5104322,1174694802.4794233,1177147654.8256593,1183495818.079861,1190337249.41705,1199153295.9983559,1212180529.3251095,1226874577.8993292
81,1187826788.5351124,1193694999.5318263,1204606527.951769,1218087128.933033,1232201553.1481874,1239418556.431746,1250741922.0229838,1256257945.097971,1258645498.5291586,1260159794.0063188,1259894442.2285461,1254962576.5088837,1246224231.8266292,1236452484.463781,1226333306.6000726,1219670915.6450992,1213943712.4464967,1207897552.634514,1202480575.1223047,1195878833.5809114,1187455805.908106,1176373097.9245396,1165675254.8718526,1155424535.740426,1147160002.4918878
82,1209289535.9840486,1196134493.9457314,1178098053.0133283,1158876869.8842642,1143025336.7705462,1137412193.6831539,1123855676.9533873,1116063293.6307783,1111620808.0028887,1111760407.914118,1113396739.8732185,1116078577.8974922,1118882958.6194541,1119268978.2952704,1117302557.5019825,1114733183.785516,1111877438.597805,1108194891.9725924,1102387595.8212545,1097963349.952849,1097599210.088443,1102502965.8971765,1113228085.2163584,1126804437.9737592,1145435651.2921157
83,1036756347.3847432,1051430047.0159878,1070843708.8047848,1098358004.055909,1133295704.8940384,1158541456.0672038,1208895673.230275,1248002484.4648626,1282800864.9377732,1312017493.820066,1331806213.4037855,1340131973.5878737,1338343756.7566197,1325721220.854202,1301635316.5293822,1272480630.906191,1242535082.076073,1216786429.321239,1197175133.5834374,1184172158.7392304,1178378534.9254665,1175859489.7960596,1174913136.0241537,1175936384.1439803,1176956686.6220496
84,1251788417.4558642,1250358423.5393434,1245951161.8156545,1236046006.2460964,1223415163.8792832,1214442852.065771,1200582613.0137272,1192460439.5912755,1185767752.684681,1182125593.403827,1184941694.6194,1191968229.7530475,1199299076.6991882,1207581535.3691943,1218187756.856351,1229020135.0754046,1239331402.6933434,1251597857.3079934,1265849202.5315657,1279888260.8605838,1293415868.2134955,1306080753.476519,1320017629.5532763,1330379858.0781283,1335175098.6160707
85,1119402748.5568366,1121783643.099111,1124491760.2305348,1125716459.4098136,1128105365.2224193,1131335376.6920035,1139674348.2805705,1153874713.0346587,1172009875.5009968,1192735997.3558972,1214468373.0796423,1235090647.306651,1253426956.0137055,1268430465.1102211,1276886680.6074057,1279499821.45198,1275836088.2300391,1270124593.6466615,1261210064.5878775,1251397531.012017,1239205945.1070254,1223920838.2424817,1208093823.3507361,1192821520.3037438,1180768924.5384662
86,1183722469.2450385,1190671737.8907368,1199309828.7801147,1209833450.1859882,1223266388.2047992,1234245522.3289635,1249307954.4367843,1261813767.9977615,1271085156.2002535,1272965342.2914293,1269237026.1373909,1261577782.9107053,1252078522.2801826,1244356240.674836,1240097657.2048953,1241497263.2154937,1249968081.4465828,1264301926.6425881,1286142192.4236228,1309690203.2475495,1335905919.614811,1356817933.7613919,1372194051.4965613,1381896464.724776,1386975068.8937848
87,1109454309.0773094,1101595884.9362519,1099242101.501232,1096702003.4123998,1095055202.0947022,1097072902.7325537,1107064621.1026714,1117513286.9403965,1131611034.5235796,1149230799.470772,1169176221.7257135,1187746534.6021173,1199904064.964925,1204587860.1879706,1202369594.3333123,1195543114.1893878,1189996991.3407774,1183306307.0443728,1176462175.6934438,1169522313.5178683,1163399274.05913,1158922339.2806406,1151672440.9664586,1147196936.2905526,1143713035.4642925
88,1083843748.7496607,1093019146.9903653,1106001976.5489535,1123041027.385871,1144908974.3382478,1159993921.1263533,1194269072.3299315,1219571637.0251145,1240951482.2431622,1257096172.7974405,1268162029.6637647,1273042511.464802,1270363378.8862004,1257692421.4070427,1235950982.018722,1211610241.0939176,1183596336.8882103,1156516102.4874635,1130066600.000452,1109714307.6005929,1097494804.218523,1091312905.1978998,1095316233.7236798,1105717682.2167923,1118855655.3908534
89,1296695767.7345579,1324478984.7546973,1350262180.4634695,1371739098.367209,1386604195.403056,1394700704.3649588,1394696968.3037586,1385680400.766794,1369025991.895724,1349289853.7835522,1329545650.2509563,1310984674.9174237,1290984093.996588,1268678777.9264884,1241057096.405577,1218882200.0470045,1201140905.9769332,1190603268.0479484,1188465562.4722772,1192375446.0596156,1201331784.9119062,1211422566.4817529,1225121347.2541387,1243137717.2865338,1263489465.4433165
90,1249299337.9560523,1258291985.0822935,1262182196.0907214,1260890976.5130606,1255235880.7649534,1248257068.336888,1227600867.6830478,1206975682.733846,1184693505.870036,1162762576.1131897,1144705649.0714252,1130651993.7703652,1123248208.79415,1120278296.4279604,1118977810.4949076,1117798163.9134243,1113989306.209212,1107809152.079802,1101326511.502651,1098031840.1159205,1096590475.5180879,1092851029.9041164,1086678951.0754678,1079382032.179254,1072824197.6225011
91,1236788988.513329,1223422083.2262633,1211087934.1830034,1200682437.078432,1192037037.0155513,1188099987.2775755,1178010968.231342,1172359055.344144,1167602046.7689345,1163490919.5598269,1161800157.4232206,1164219320.8941817,1170027567.4870515,1178110183.9087107,1188815071.8240707,1200457039.7569916,1210596433.5680192,1217149481.0403743,1221246247.1112497,1223235367.954819,1219288859.7233975,1209894967.099863,1196199429.3769734,1181397157.414686,1170367911.3987658
92,1106747525.6004283,1098568632.5623403,1093949377.7337868,1090257158.1259813,1086990441.4897158,1085090844.9655678,1091153707.1370509,1105268767.887696,1124298363.1585715,1145393925.3399317,1165512834.5864594,1182388128.414433,1198592773.3137333,1211256444.0655947,1222708932.5788848,1234607616.9384086,1247194652.9222374,1260345205.4679122,1275266588.1211164,1290551524.9960783,1304554912.1265578,1313321310.919245,1313187107.577091,1303392460.5417016,1281461912.075813
93,1261650979.9817612,1282546658.3107734,1300323846.971318,1313883897.5087104,1319427706.3058867,1318339884.5845828,1305678815.5114145,1291050464.327786,1276491838.4570591,1266643589.8439937,1260536488.804914,1259097450.247945,1261448529.1595423,1265361321.2604265,1263307307.3641622,1254764124.782777,1240336415.851567,1225876145.6381085,1215445773.9300556,1209563282.1488636,1206715798.4798694,1209334076.893413,1213584618.9003446,1217852935.5248718,1223229308.2604542
94,1221862539.734883,1225975051.1986573,1222916596.3098748,1213898667.7237084,1200694064.1486897,1191244092.0483396,1176730147.589238,1168589533.8057556,1162692565.027108,1162783877.0506473,1165271393.994943,1170372283.065462,1175924788.4676688,1180343662.6238103,1184262645.7552028,1185393103.8600166,1188281699.3018444,1194292848.6886342,1202888005.2082877,1214586683.6253421,1227056002.27577,1240930446.4743774,1252421697.2172263,1260085858.6502292,1266674515.6881664
95,1312812103.4611967,1288499242.740509,1261290639.8710577,1229067244.527387,1191427333.8225121,1171388637.57711,1132142355.952758,1109116971.0729337,1095440052.5804865,1087090125.5339231,1086110088.0135999,1090174689.0786264,1093148622.8512864,1095315683.2144206,1098916943.6794047,1100761675.5687532,1103154056.199133,1110119389.6240466,1123639726.4770598,1139384853.0127058,1158072431.4925396,1175740446.5280516,1189401016.4616022,1199917121.2523289,1210836492.8334558
96,1278564109.8955622,1285898402.3917127,1287315653.560979,1284657091.09329,1279222923.0754895,1278480280.2669168,1276502128.5792902,1279500804.223893,1282937905.8616457,1287794883.7406862,1289297749.79498,1286123751.0103095,1279632288.1256332,1271078081.5118883,1263323669.7144167,1259425282.2570179,1257866963.497567,1256657359.129541,1257184817.9507742,1260103993.6733146,1264315275.8570082,1265098343.7078397,1264042917.060014,1263003587.4339697,1261257349.2860305
97,1126362299.452361,1134126131.2511926,1142273270.2321553,1150039248.2551637,1154711773.0376208,1158843336.3824687,1156365314.809945,1151190642.767603,1144181905.1848936,1136202138.5620499,1131855437.6999733,1132854831.481957,1134181559.9492667,1132123372.0295966,1129455464.1412754,1123623362.101558,1114245897.2352386,1102915999.9339356,1092375547.6079652,1085051760.1916153,1082138699.5681741,1084693319.8434415,1090358938.2205474,1099888665.7714264,1113612562.9181442
98,1216340319.242844,1211688834.390234,1207430345.703883,1207337202.376861,1213449944.6415465,1221853748.2456248,1246980194.9958045,1273112061.353894,1303136387.0742037,1331830653.4940398,1355360928.5829244,1373010490.236842,1381509729.6498098,1379439115.3870947,1366906247.717963,1346583542.8319478,1317990536.4330885,1288645958.0989437,1260741069.2118955,1239203791.4805105,1220614650.4408674,1206321680.631882,1197863285.4485452,1192232328.8767686,1186503837.3640842
99,1177216370.3746731,1183548212.054215,1192158338.1369534,1198175944.2412412,1203547984.5684607,1207812939.8201492,1208414621.8741236,1205549379.1343515,1200258711.974838,1192602019.6632855,1182876416.862767,1170512199.443582,1156080641.2186687,1139616506.039399,1126431264.2345223,1118007396.9231162,1112861691.2135882,1111404313.6834154,1111716044.8057556,1112754243.6730196,1111329177.968719,1109426572.7538714,1107784352.399245,1109303050.3291886,1114300329.1066282
100,1151279578.001799,1141547679.111853,1135417200.6428673,1135662791.0076206,1142288947.9382107,1149870259.1326225,1166558122.9601803,1180197315.6170776,1192482758.79156,1203159976.5512292,1208650806.1964247,1204531081.5768964,1195499301.57049,1184172675.3101525,1172415202.630779,1162209523.671423,1154934408.513346,1152637620.6551588,1155610344.1308832,1162895884.8247333,1175859246.5631196,1190793643.927793,1208246909.6667683,1223284320.997931,1234572089.439861
101,1188226218.7508361,1171976881.388367,1154353345.1377528,1138494402.1829152,1127950971.6500595,1124647472.0349383,1121936983.2182171,1124973750.7410882,1128893086.120391,1131174191.879815,1131196094.259389,1126788522.5004306,1118542349.7741704,1109547994.1879678,1101143786.7700815,1094520634.7880042,1091835711.104452,1089565281.7791119,1089369349.8608303,1088608017.8255203,1088017511.2423203,1088218519.0461166,1091647946.2016752,1095934858.2205284,1104038368.6443439
102,1103584263.1638367,1109339009.5792153,1115438337.1664226,1119378394.831438,1120533368.7171803,1119573536.424891,1128904833.5176685,1141778621.0715237,1159481280.5777903,1184424726.0176704,1212080065.7102594,1240193108.5491474,1264098130.875367,1281448004.4803586,1292048326.766638,1293225093.8200297,1286637791.4375129,1278697895.5296013,1269144554.5225365,1261748075.4045618,1259724416.7439747,1263195363.6081514,1272803921.3645241,1286150553.1333416,1301371650.3130596
103,1198860363.7655816,1217210932.5504713,1235594218.8567765,1255277332.1766927,1280007539.5420945,1297543295.8875377,1332012961.8534908,1359148980.8641016,1382647620.975384,1401442463.1736581,1413897347.2336636,1418406818.0458593,1417802201.9125698,1411694977.9222403,1402701828.7494519,1389705277.6975858,1370131124.9760463,1346773085.2757444,1320783453.0176969,1292990133.6595132,1266388583.3436348,1245942060.5383606,1228953819.869263,1213208548.992292,1200972078.2646847
104,1209054845.193488,1209566989.0809405,1209929958.6446931,1211298888.4567962,1213320513.3971596,1214585326.221973,1209392147.0439665,1202775733.7109935,1194199815.092298,1181529820.3138165,1164946257.6940842,1148209099.6645803,1134727961.257569,1124844956.2293525,1119246506.6989903,1120543568.5214865,1127361982.249794,1138693068.0541632,1152363245.2686381,1171089221.2423422,1192622627.2483516,1212927803.8657029,1232931323.0641341,1250367841.2389715,1264494835.5772803
105,1143788021.860751,1152389686.4355154,1167917502.4609823,1185732092.09503,1201605524.9682822,1209050260.2423847,1216949370.907174,1222051110.7877276,1224535606.5315962,1225592968.5439937,1229173618.524119,1236587763.5046594,1246917499.2776434,1257568475.7755108,1264951787.9793406,1269852913.460396,1273829412.9827,1273085411.1170466,1267111141.498516,1258565783.5083559,1251221700.3030865,1244030198.6263108,1236534358.497194,1232217519.1363883,1230895334.7250931
106,1239564006.975384,1241761009.6841316,1237784629.151378,1228318569.8032725,1213979420.306161,1202559372.9623795,1188102983.8319862,1183013131.737075,1180856115.2136095,1185238113.770326,1192122381.6520762,1197105761.6442776,1197665209.3870213,1192918863.3625085,1185713254.7949743,1181291619.9067757,1176364743.5964665,1172804506.4638736,1170614623.0406864,1175789293.4975917,1185153100.1349726,1198837763.052449,1211828026.4983528,1223574477.2010407,1237292015.5562837
107,1239208536.4497766,1227855034.6919026,1220600469.251338,1219363732.2471495,1226788943.124385,1236454498.9568186,1267410487.218661,1297558481.3866253,1322995583.0379124,1340363386.2554724,1346737051.4194498,1341635095.214093,1327470099.851738,1305026282.8896532,1279648563.703014,1254927563.3013632,1226333861.1957247,1197941628.3743112,1172595326.5439827,1153271265.7154124,1138208090.2422967,1132705863.5827956,1133780938.6881516,1142166383.2818155,1159567995.5953705
108,1250216239.6410394,1266791537.216732,1275819142.727567,1278499348.17286,1280928547.551664,1277999241.8450375,1279990954.3815308,1286994194.991598,1300878532.801477,1320743121.6735494,1341255292.276768,1355961920.010593,1365581159.354352,1372146923.098499,1372206068.1584444,1364425330.040545,1350924595.2091665,1331346336.8204117,1311091447.890387,1291992685.5936553,1273835286.5859902,1262480562.997268,1257795524.4262156,1258948966.41075,1263939654.5613005
109,1138198064.2392673,1151565769.287907,1164757674.0002363,1174962521.0440414,1183727339.4225013,1186781324.6256495,1193947387.8297958,1198970181.466307,1204790249.1884098,1215129607.3213952,1227966512.4917703,1241827259.1979706,1256972387.8982904,1272251340.745922,1283908955.1441274,1290214119.996793,1292594733.7590075,1292157476.7727487,1291087613.5198746,1290393239.1834226,1289040492.1938474,1286310797.208979,1282683128.7783608,1277953014.170164,1272262411.1035683
110,1182132017.6474664,1183333396.1235712,1186162435.422455,1189459543.6264331,1191581724.7163267,1192718458.5173984,1192160334.7784872,1192134131.213873,1192174770.1173334,1191931225.829482,1192544437.239401,1193597766.0813434,1191700671.88284,1186707614.5507224,1181235443.0355883,1175053970.6280496,1168548457.8720841,1162136482.1203172,1160147084.0122452,1160320215.796522,1159307239.5160081,1155873282.9154918,1149408281.5460722,1141109627.1402144,1132432051.2017097
111,1119346282.32474,1133128831.9921012,1146512716.0007944,1160204154.6275563,1173593009.7488966,1183094332.5153446,1200967152.5391088,1217372573.7007475,1235404967.2199614,1253337012.8288286,1271800133.531503,1289498991.578414,1305255414.9657784,1317004207.9675078,1322166644.157085,1324586542.9665837,1323902609.31167,1320316376.6626656,1311660285.4551425,1298624678.836545,1283290539.8813617,1265603529.9003646,1242930150.0579817,1220164914.5218062,1197761734.3775375
112,1147770923.5777714,1156187903.0231438,1171787898.0592015,1192490127.532055,1220316620.4074178,1238239066.4515429,1268250247.6589096,1286758785.14248,1302825612.8498278,1314636783.6562297,1320477023.6665826,1321161782.2890975,1318419642.6148694,1315199685.633662,1311526392.7892237,1305608752.1639447,1299686460.0368958,1295030170.1125972,1291450531.3217313,1290428833.7901175,1289268933.0797293,1291078404.840365,1296798104.9799206,1303863736.3502882,1310418898.0017579
113,1093959038.8267488,1092541207.5582783,1097887145.093045,1106514207.5169396,1115146839.1503868,1120472810.1203096,1130568917.6371298,1136782142.8299422,1144969631.532321,1156631880.4271839,1171984572.0788908,1186788617.472558,1199699234.4586875,1205311630.5506372,1203647624.2873454,1198395462.2896872,1190016403.1268473,1184474181.6728866,1183100152.601058,1186189156.1819656,1190921010.0981529,1199178615.0954614,1211161551.4159184,1224166138.399945,1233753765.8802574
114,1244331833.9682405,1270398542.4660752,1290123383.8228538,1303410542.8216927,1310124061.2573106,1309350329.3391352,1295789213.2167962,1278243303.1487362,1260123040.3000073,1248086601.297813,1244118423.9999487,1248946438.251547,1258017318.568296,1266159771.6917553,1271675060.7357626,1272753108.5867045,1271694104.9751272,1269442310.9916923,1266763680.762022,1264462651.0518556,1262886606.6385772,1261144450.5493588,1255804977.6655383,1250397190.3895,1242753850.7529075
115,1185314744.3342505,1216673397.0755444,1240391805.0014067,1257076261.6578977,1271663331.5087428,1281622019.272353,1300377959.3327448,1315410915.2059853,1325805920.5264301,1332561869.2379997,1337043752.435044,1335951512.598457,1325353991.494869,1306101673.0594254,1276737334.451441,1240914513.4249244,1203507995.3246205,1171724293.8364005,1144747699.9027102,1125437265.9078012,1111505014.0804641,1105725269.1714506,1104862072.721151,1110047433.9674208,1125210040.760349
116,1231014507.8198652,1222865389.22423,1215439460.096138,1212771318.7088654,1217124084.6175632,1219178058.798056,1230610046.3951023,1245053790.5206256,1263565073.6775365,1280956817.006847,1294109756.3672328,1303317505.5009394,1308794292.1028795,1308705657.211964,1301894474.5021493,1291161443.2988837,1275971694.1095922,1260293995.598391,1244564008.933438,1231828120.0841198,1220431599.1834128,1212273659.841665,1206147837.0441058,1203321129.9885397,1202895040.8567057
117,1206911922.2892792,1221205595.5601707,1233585020.3859928,1243820973.5195975,1250542346.4650996,1255181474.780946,1248348964.5643165,1237068582.1152442,1220548778.4221175,1198635063.3379347,1177932542.4180007,1160563908.9739544,1145905450.226991,1131055114.9265609,1120254683.0367515,1118318882.4023767,1122147861.092551,1131732309.65303,1145132544.3215005,1162939768.1498175,1185077613.264297,1207204113.882007,1228474441.5914092,1246998720.1934612,1262841611.0791423
118,1227707219.6735058,1232301143.2191386,1238177926.4138832,1240385290.5819247,1239546472.7001579,1237244583.8312576,1231407657.85916,1228012541.3689644,1230712458.3402467,1238392001.2577746,1247165313.9845889,1257259486.9940286,1265504162.3381138,1271389223.9524615,1274913405.3971534,1276124751.3172953,1274081391.9987838,1268100239.5853946,1259640577.98441,1248917451.9575284,1240378365.8682365,1237283708.8072522,1240755683.3889759,1248476546.5947206,1259581396.6242597
119,1221494351.2269387,1211276014.1416478,1200018517.9940636,1188826008.3796299,1178733397.6970716,1175948550.4735403,1174474537.4684875,1175603294.0385878,1177896713.106578,1181114595.0832412,1185039840.2695723,1190315464.2578082,1195876335.36527,1202821095.9497194,1209314495.8375237,1215780885.9412909,1219040784.7246063,1221802546.9691894,1224649281.0960875,1225548753.5983093,1223058781.4492307,1213979535.9584973,1198911017.4373012,1179675093.7281034,1157502148.8547657
120,1280229099.5878725,1265220621.0072625,1246337910.5820377,1224150846.0602834,1199956285.9731972,1185246427.4115844,1159857038.8311043,1145217706.55228,1136217480.8879752,1130204760.5003817,1130744422.3813362,1134973897.497485,1140331732.4656696,1144273884.8435059,1147159181.0058808,1149206407.1973357,1150905060.655917,1154361628.6992266,1159083915.8545928,1164902153.1024666,1173281608.5844586,1186436655.4975383,1201666892.2365146,1217162623.8331916,1234110069.487973
121,1097749083.686539,1103813128.1968777,1110629810.2859054,1119789668.9324987,1141046346.744082,1155218855.296337,1198674421.7775855,1235609983.3949041,1271653316.4159915,1304865677.456943,1329211967.5843632,1346234723.2825992,1355781779.1152515,1355741859.37674,1346248958.8382616,1328521596.7455287,1303354587.6270227,1275860410.2513154,1248695501.867317,1227766351.4955692,1213391014.647912,1203703594.2454126,1195444303.2557313,1194420209.077535,1202061996.6454554
122,1158876243.7150335,1171557357.9299304,1182172911.0025713,1188420526.1848783,1190112011.5752764,1189645747.8198736,1185094435.5019739,1180059483.6089334,1174551725.0178502,1170122799.570029,1167751505.3874323,1164400040.2382636,1161859497.8387845,1160191322.8975646,1156576769.3381035,1150904875.7779572,1142936272.24281,1135813931.791474,1132139722.683374,1132522162.7506604,1137264465.642374,1144528679.7025526,1153228140.1005626,1166992511.606967,1187118778.8034809
123,1124765893.454007,1149257686.286545,1174040252.6457083,1202473405.449598,1235953524.6097205,1254872529.5939941,1284557983.1091135,1304417321.7249928,1321239301.206732,1337906564.9879751,1354066144.0709653,1367491597.8543165,1372656829.575105,1371528898.863619,1363950237.6451428,1351580366.8047595,1337969411.268869,1325554985.0409293,1310892387.9468224,1294822459.307193,1275813962.091069,1258924373.076282,1245367898.9870353,1239259291.5639892,1232223716.226654
124,1305437396.6664994,1284757909.0932255,1258796356.7188175,1232591375.5354533,1209436702.1303341,1198371857.2294235,1179894052.1712384,1173901035.9797726,1171643202.2552414,1170064502.6940448,1169889039.5773122,1165112274.187355,1160465282.2643657,1158654993.117084,1156691763.1246607,1158040300.4762003,1162063592.5018873,1163490137.751947,1164929987.551197,1168367115.4894118,1173915981.9371943,1180643177.2800725,1188747276.3415494,1197945708.9224713,1209802057.012242
125,1139301299.6572278,1151251284.1592765,1164253735.7472162,1179210249.2646084,1197087353.332397,1209403412.9527812,1230350769.8913133,1240454747.993784,1247219745.891076,1251993730.7441041,1254579250.4783256,1256232864.247355,1257798199.6915898,1261745031.0177999,1268505014.801734,1279146424.9468136,1291834761.539947,1305893176.7275176,1320009682.4654799,1329018984.7910528,1331008059.198056,1328471643.3890154,1319297037.2583585,1307751806.417585,1291899555.4807632
126,1216163829.2616348,1236904524.695601,1256018511.7977374,1275735833.6795256,1296546171.496389,1308110698.3998196,1333268458.6951475,1352985282.472169,1373188358.972585,1392672173.7850492,1407120598.051415,1416254967.8871913,1419455019.5500727,1415211768.0703814,1400868386.0740519,1381876043.6021416,1359815923.9496882,1335849593.1943986,1309748536.1535013,1283582106.5754936,1259552439.2017999,1243936598.9683223,1234679928.4464152,1231069686.963296,1231009734.6073408
127,1193869827.1953979,1184493950.3260043,1177410488.0172744,1172738245.5167744,1171326356.9675732,1173546885.2375548,1173418422.2477639,1172971882.5652626,1171558750.201581,1167356192.481061,1163918165.0515742,1160683449.689191,1156713484.5962386,1151540779.704645,1149243364.307114,1147415698.1945982,1144830132.6072805,1145551717.045201,1148443935.3490803,1154907005.9605036,1163196701.7971156,1170087131.9022162,1175565358.9156184,1181169112.9735086,1185181202.6350555
128,1260875465.9137857,1231374430.667033,1209276573.580481,1195559149.151003,1197046146.0574143,1201684644.070667,1224484785.9386804,1249541480.7215974,1279565899.6466198,1314309121.276466,1345615361.6824644,1369640168.385341,1390805139.6732051,1405200875.168973,1410391890.3233051,1408301477.790426,1402213261.3017197,1391514386.6594844,1376707475.9785821,1360882872.3706088,1343226379.4912655,1323450335.9414747,1304057000.338115,1287097621.0474288,1271393076.768403
129,1240289523.2006037,1249965051.9878154,1255484047.3299034,1255296937.7553916,1251710770.2061086,1245123020.7082815,1237182862.2960327,1237163637.6731575,1243125287.5362155,1253434077.2981882,1267283946.66041,1282663159.0416367,1298948716.573768,1319530879.5107145,1341991968.1599684,1364731767.302734,1383402803.768563,1396920403.1070974,1403998951.618681,1405534848.7398393,1399521957.0990078,1389043538.3758636,1374390705.2793455,1358422159.3094196,1342381273.3164835
130,1239217791.3485012,1238499065.0597448,1234442334.1767607,1226048887.2909775,1211169705.800418,1195558897.916131,1168141530.219448,1149848525.1766005,1139234999.2340739,1133425043.479896,1134422186.2802677,1141206847.533741,1152487075.1635633,1161410523.2595475,1165167664.8866422,1166892366.7064176,1167219833.5504384,1165575367.4225826,1160711551.5905087,1158616105.9983633,1161576939.668617,1167030664.319004,1174964810.3612604,1181835477.3459616,1189077995.6464884
131,1250619801.8547475,1256363564.5944836,1256522134.5977042,1252225314.0631406,1247865317.272,1247301640.8117876,1246839634.823521,1248686236.882822,1253709720.553235,1261166202.9143372,1267750479.4688947,1272438630.9411957,1274175590.7637682,1273512244.46961,1272435003.4710858,1269158092.873003,1263302640.5521705,1252843287.990091,1239572834.1827462,1227122616.480667,1216198622.0700576,1209064456.0236318,1207450451.1054044,1210664749.7321446,1214236622.6485996
132,1176593547.186222,1188646409.4146621,1198076919.5388644,1203898621.0924442,1205920641.3681335,1204109923.5017974,1198916944.0447857,1195970345.155999,1195596764.7224522,1197616688.5416987,1204303383.8316615,1211955252.7082553,1220723374.7030764,1228200414.510198,1235197311.7123423,1237673162.0019329,1238235469.2761927,1237993575.967736,1240250471.8842614,1242207912.5441723,1242760008.6726782,1244314229.3858168,1247330132.29436,1248890656.483474,1250247734.3468614
133,1115722463.2740796,1121284625.7983432,1129386308.927665,1137554238.6438026,1145035072.195987,1149004358.3110025,1157942479.799945,1168752832.2125661,1180460974.546211,1192726895.4338877,1207931183.576939,1224456120.3644972,1238924203.8329391,1250657913.3604286,1265541282.1063554,1282438041.0207024,1297379203.0723565,1306215875.0908747,1307872800.3309283,1305682650.1948164,1296284747.7095976,1280581032.4273388,1258836410.073175,1235560152.5220883,1211862192.063791
134,1252936676.8604295,1242251821.3899746,1230415440.5761638,1222710328.835317,1220904462.9299657,1227359942.109459,1238276203.8456082,1248515994.7992234,1256761823.1160266,1260835931.8158002,1257712640.3916452,1246573323.6670618,1232034067.3285284,1215487663.2934856,1198146468.3058202,1184584010.924776,1179103450.3313398,1181039757.4815745,1187011387.2823606,1196743325.4702551,1209239338.1376016,1220822550.9517756,1231140381.7381084,1238635998.865893,1244756702.0341244
135,1164459169.0131414,1171736271.6277335,1175343474.669906,1174558703.937429,1176053461.0977132,1177275281.9321947,1179480844.7780056,1177429501.0154135,1174977332.141205,1172527561.928735,1167652004.0158694,1160043546.594981,1152341333.7044413,1147116025.349948,1146869180.9369295,1151238349.7395082,1157123902.6486485,1163477720.6120186,1171524996.1073995,1176522739.256725,1179848824.5261898,1179424674.862653,1175599042.6912172,1171688637.080636,1167223226.7936711
136,1215652619.7969553,1230108490.1365395,1243352660.6936016,1253938303.8257926,1259328835.7134917,1259016075.9287446,1250184996.2019227,1241320675.3169317,1233540030.2960906,1225636272.2002704,1219371208.418769,1212586352.1880124,1203989544.7841067,1194159390.9384987,1187597219.4307547,1182626269.531374,1185553125.943136,1195206581.5672784,1210632601.4007149,1228018835.0615547,1250094643.7042584,1265722087.8923404,1278290791.8063245,1285220696.4826553,1288846431.3398373
137,1277564389.9856212,1269974317.198684,1264901863.826925,1262372810.1243944,1258972594.1912823,1257950620.8814824,1250812427.837808,1242681881.3554554,1231878553.7299998,1224688168.8225229,1222162463.4085674,1223344948.8371406,1226990494.5538518,1230384534.7038555,1235289748.9819355,1241817931.7494392,1250194819.5800297,1257958600.2483394,1264603047.4757924,1269235168.2829158,1274111367.798643,1281852352.8629029,1286537444.915841,1286975692.7305257,1280886347.253328
138,1305432512.8089848,1289321686.9728315,1271543004.1368659,1250066918.2643216,1226464941.6245172,1211835127.2858346,1186837260.8781931,1168232371.4165015,1153420518.1784194,1148808984.6805098,1155079270.5446296,1167379841.4948244,1181693618.9155002,1195421263.8060079,1209917971.4175053,1225369876.1753914,1244270891.4292338,1264532248.0229187,1284537946.8746834,1305041274.3631918,1326411420.3493936,1347306079.9999402,1364788039.04384,1379674921.385588,1391885802.833134
139,1180120409.4854555,1201201652.0696776,1224558119.07908,1249174297.2325435,1272424940.955288,1284618946.5504868,1295359810.7104797,1299248535.0681746,1298298048.683381,1295716044.2460124,1294277803.5791934,1296086821.9937096,1302021701.581234,1312819537.6825519,1327269262.2113543,1341946063.2828908,1357184300.0514276,1369374738.2386184,1376839399.2641237,1379059747.0284526,1376347282.2095554,1368598282.1195276,1360257991.6872385,1348813048.1024,1330161408.9093475
140,1166137808.4759276,1160534740.6892061,1150279192.4160433,1138484479.3652165,1125836381.6681828,1119578716.3911269,1110154690.8793874,1103473517.9810336,1099456480.6362557,1097297828.2737324,1098883096.9845052,1102338597.9722304,1106516943.447351,1108354992.372693,1107235641.7840528,1105574044.2442384,1100529569.4822223,1095394703.7771068,1090040349.5999615,1087475967.6082041,1087459827.6377895,1090283223.247028,1095704670.3819795,1102720780.3045502,1109336013.1826937
141,1290090890.6286223,1289755439.855219,1287153139.2755713,1282190844.9750733,1275065184.5233157,1268323491.7917595,1251879213.4614754,1241893681.0314565,1235453179.0665824,1233362644.4627414,1238115159.6471255,1247566519.2394037,1257737567.8793588,1267390326.9694822,1277479813.3884003,1292386162.637178,1310351113.6330621,1330700436.9474146,1349977693.7708266,1365095695.1360316,1376871265.1346703,1382257821.3637116,1380287799.5485842,1370544441.7055979,1354200675.7928476
142,1094859214.5812032,1089490125.6853137,1081517144.2009313,1072347958.1867898,1062941829.7627933,1055022645.5769109,1044186117.4207616,1040059920.3269801,1039939442.9966142,1043437253.5892833,1050728751.3417346,1064167454.3887559,1080784440.2357008,1098955050.5700684,1118399942.1336167,1139459168.803844,1162276713.3481038,1183199838.0658793,1203992223.856925,1221321990.2979622,1239585628.9368756,1251540318.952841,1261535458.8884678,1266661171.3851533,1266005522.2444892
143,1210808604.1899233,1204344139.9273348,1193378951.5027924,1176266383.4402828,1153811216.7864645,1140316843.5616913,1115437409.6072361,1103135678.9590123,1093487631.3456812,1087782979.2648296,1083748404.36932,1080806817.0435512,1079038519.8250651,1077680020.8874047,1079185269.4573994,1081100280.65518,1084066039.5172496,1087763405.8088155,1091394071.983868,1091395657.9593525,1090021679.4279864,1093024575.1032286,1100290321.8338208,1114012515.2953067,1136879093.9721816
144,1238934837.4464889,1234849994.4162962,1227844782.7228475,1218084069.2523713,1201562331.0980365,1190085878.5669806,1169886176.2364132,1157198323.8846517,1150292392.0291274,1145285365.4498818,1144060186.779266,1144268981.8128002,1147666158.1197038,1154345905.54709,1156895499.332127,1153987388.9118807,1145227941.9530644,1133070753.1309972,1121382396.648295,1111319689.9867256,1100972805.0542843,1091923646.1394346,1087622143.6799717,1088067142.8417318,1089721527.325304
145,1300985030.2393022,1303839086.458037,1303643866.3108425,1300132139.4185045,1291347492.2851846,1283124230.1168027,1263622205.0247788,1247789341.011493,1231915951.4676118,1214382201.449057,1196463624.4563837,1181089235.2355003,1168441324.0976927,1155845442.136323,1143028026.5758152,1133385098.101877,1128927918.6222646,1132067947.5741317,1138781325.8822773,1151858137.1486444,1167877567.2629254,1184915017.5478115,1201562107.2585196,1214410104.062886,1225815961.1855495
146,1173481482.236928,1179566824.4376462,1188469810.8520641,1197025852.7407794,1202903078.4077091,1208338100.876945,1208914123.2269797,1203760539.8787646,1194326710.3362763,1182721173.8433447,1171367289.57247,1169009068.8323145,1175550755.4551604,1187558446.2855985,1200758157.180516,1212623495.3429806,1223989782.6478307,1232566472.8303187,1240535391.857569,1247618909.272745,1254904455.3461647,1262553168.7179253,1267981477.6356347,1271774714.297948,1273510829.4378002
147,1196769838.765416,1181765476.2945309,1166097016.3349986,1154387950.042165,1148262235.1689112,1148907307.201679,1161567738.1477592,1177605332.2479424,1195643630.8513,1214057422.168923,1229758355.8064702,1243831333.102288,1258078002.91106,1271822795.4185777,1280318877.7857997,1281064139.590674,1277247509.6826153,1273642320.4844296,1267850329.3273525,1259901195.635406,1251791091.30592,1246273951.0044575,1243281269.6439884,1241851607.8503113,1240793202.4114935
148,1107326867.5394664,1122062622.634825,1137581866.9268303,1152759316.7483685,1167523805.1686368,1178037718.1588838,1193647898.3972304,1203345960.2794762,1208903829.6760972,1210849714.1673708,1209945536.0215554,1205734624.1427813,1200058942.386584,1194919097.0576398,1194754922.5883768,1201681137.8187587,1213847814.9630146,1230490460.8322945,1250364067.829244,1268154022.5409193,1283159924.9980676,1291722559.2683053,1291477275.6739538,1282670338.9173238,1266952075.613315
149,1290442626.86034,1288939008.1023276,1281169251.344111,1270788440.0725708,1262718507.6686425,1259737736.4144,1260238593.288451,1263506276.8234837,1268263665.8675292,1274151874.5902777,1281941324.9815524,1289695698.4759593,1292484628.645034,1293302747.046181,1289612568.0275614,1285969197.167702,1284981831.5707703,1283693780.4261591,1280915014.6808293,1273236114.3594897,1261623669.5402303,1247247011.5562747,1232221903.997563,1221165723.02903,1216463396.9235535
150,1080856193.596519,1103484338.772924,1125557538.882607,1144723855.5001187,1161267269.063188,1168438925.4989161,1176776267.974601,1175187821.0330265,1171750966.461968,1168958004.3015566,1169269460.1573656,1172819581.2041183,1178957213.0317583,1183185767.1299007,1183316203.2622948,1181787763.6617703,1175545823.4545336,1170093613.0101926,1163204406.6779912,1156204099.2662358,1147962539.951551,1142000352.643838,1138774194.2479281,1139876686.065538,1146951932.446458
151,1138689046.872998,1143160385.3133106,1147888668.2249315,1153017292.709812,1162032099.8577282,1167225706.1691072,1178018781.250557,1187435723.8018162,1195649462.09875,1203373672.7898862,1205691790.4568205,1204821506.960251,1201436950.3354583,1195438119.4516528,1185333303.6461496,1176538726.8606114,1170014156.9376597,1168127834.4850776,1172346801.155264,1183551209.6578279,1201303489.545179,1223565167.6564212,1248131000.0654075,1271169963.7573678,1293321389.2844527
152,1074259766.9050677,1074180084.9915297,1073857290.344991,1073356543.2311575,1075409621.310246,1075346205.895264,1091271390.7307918,1109890571.8957214,1134542892.4009283,1166529195.6753132,1200653884.8746312,1232578771.8953125,1262815810.8889844,1290324351.5801291,1307792821.2965064,1317053404.7977672,1321090002.6374822,1320268479.7803845,1318619056.2165096,1316388958.9940116,1312944217.7521946,1309421272.825174,1305751972.719577,1303210661.7818854,1302857391.2896156
153,1118559531.5551238,1126047084.184391,1131637847.6931534,1137932520.2865627,1143484639.1186242,1149618362.8021514,1159471002.1471472,1168790892.0815945,1179475261.7190282,1189404141.4867346,1197084913.3406222,1200386156.9991663,1200285518.7815483,1196952570.9469972,1190599060.964375,1183860144.1934984,1177548103.1862123,1171577394.2659638,1167434739.2522066,1163400878.5172167,1158067237.108231,1148760929.3474808,1135445611.2519412,1120397980.0982573,1106344808.2700317
154,1206092763.3666162,1220323912.3378918,1232032911.596896,1244286960.9881883,1255356241.2120852,1263426280.9302795,1269717052.7570179,1268990988.273242,1260300330.6286666,1245727806.2123556,1226725794.6792667,1209002560.5622227,1191148090.3980443,1176151081.5111485,1166917396.237556,1164146598.608314,1168119948.3095686,1181686789.2980535,1202773247.6370635,1222163946.508222,1234725941.736924,1239475232.5549688,1239851562.2749724,1235202323.4380312,1224960682.5244339
155,1144354135.7236495,1140934755.9562457,1142043674.2563732,1149540959.2436564,1168950696.9860053,1186455392.0153253,1231153921.5804982,1271965628.5478384,1312061714.993181,1351013819.9752953,1385735589.2460642,1409620574.047622,1422998137.2081065,1424093392.0537715,1414291506.3598106,1396443175.5975528,1370275981.8822343,1339673528.6860886,1308329119.3479168,1283703019.6738532,1265812757.3769412,1254956210.095086,1247164155.3969421,1243554918.5246513,1241356815.947246
156,1127707060.728007,1142366307.4041343,1156372678.5797095,1167841088.1991212,1180558201.2240233,1187907264.2789226,1202450236.598091,1214122886.5635085,1225751391.399637,1237314274.1506293,1249537916.3802354,1261573841.9852037,1272427234.178481,1283229017.128849,1288352290.5278955,1285313702.3544383,1276779485.1214883,1263922539.3404968,1247057037.0198772,1227983892.6491122,1204146768.7773533,1180068811.792525,1159954209.4261873,1148171237.9810107,1142648948.8234801
157,1248663308.3860633,1249307490.8184807,1252280947.2900417,1259910473.314456,1272795512.4680812,1284354065.1266227,1304773671.6580608,1320266711.797407,1332315952.9999838,1342333432.855227,1354112956.0737872,1367236165.214888,1381680702.6262538,1394952203.65032,1404609915.648535,1407173685.702673,1403416772.0150785,1394402553.202956,1379096441.5712311,1362183514.6265523,1344114525.4012632,1328497354.2079308,1313755275.9756076,1299908067.5334392,1284127776.8242247
158,1212905276.1880982,1206216800.5758932,1194233822.1353014,1176282184.877471,1156718508.230795,1146373858.4269278,1131897448.8665993,1126269171.4100404,1124964998.328592,1127998109.731322,1134676518.1049309,1140897699.2435782,1149326024.8555675,1162212295.9709234,1179499458.9917953,1198846711.8751602,1217234966.7216425,1233457290.320966,1246696612.4286578,1253411185.6571348,1253854508.6111794,1251011979.236163,1242558527.5576916,1232780172.573348,1217033338.6069891
159,1135601389.1667557,1132439096.6883938,1132703142.9852202,1137742732.157933,1145188572.0907667,1152458927.6375031,1168555939.0007038,1182846315.899288,1195946751.3934026,1208256965.299145,1216799352.5915873,1220515521.251496,1219407649.2910016,1215079742.985889,1210635493.9578469,1205521169.502755,1200896624.5702255,1197584900.1176524,1196444955.8260217,1199367107.9121466,1205661075.6411638,1214105127.3403096,1223913278.49949,1233790537.567829,1242913607.7707098
160,1167554128.2277014,1152540447.8444226,1141266904.1975496,1134496406.4525616,1136634836.335129,1140475862.112083,1153357187.0704117,1168317504.7928889,1185009504.1164355,1205970784.5302668,1229732262.2117784,1253058425.884606,1274937454.3315578,1297646594.4466996,1317304644.917746,1332084825.2397869,1340129451.8201075,1340270197.0306559,1334476508.9636073,1324571639.9954078,1313026326.8371027,1300299908.327389,1288508144.2834017,1277684015.4607737,1266335375.9299457
161,1325785308.2208772,1336929867.8720443,1347301104.6620927,1355988194.7858741,1363960471.3063915,1368383780.8676856,1370033449.5595536,1366472758.1079035,1361684358.0769768,1355791098.2630477,1355549677.930834,1358342497.5492978,1361681956.6008835,1363766847.030409,1365453325.3017778,1367137216.1444423,1367295498.391043,1368780669.798387,1371031221.649831,1373440233.6706553,1369913923.9791312,1363248029.5669014,1355035373.9425042,1344571958.3520532,1329548896.3323722
162,1243939276.8704734,1235747904.7834716,1232549597.7025163,1232609324.0570025,1235150114.4652724,1238501043.0402043,1238120458.0093355,1234330419.7806997,1228766693.0034642,1222819477.8694139,1216517582.5516543,1210921433.1431885,1206959677.3587966,1202007372.758366,1192460999.0007372,1179283611.8942382,1164913273.029928,1152004198.6169825,1140658206.517486,1129177872.6401868,1118286081.103224,1110606447.975039,1107347508.2320518,1112605955.3302946,1119081240.9944766
163,1129086131.552419,1145547537.2918432,1160863883.6739376,1174566388.8264792,1185370904.5381882,1187292036.557281,1188401105.0669472,1188697716.1953728,1190003707.885362,1193905286.3171618,1204014280.756793,1219225064.9688237,1235107811.4243116,1248547493.0240793,1256372853.330702,1257639379.248554,1250185430.8809094,1237076837.3675728,1220137718.8036754,1200088511.501783,1181362253.8313532,1165692019.0857465,1155943342.850121,1154089377.349461,1160306602.9798033
164,1094648822.2648,1097499019.6950653,1111207979.5244699,1132733590.6731644,1163564384.236253,1187390931.61379,1233427816.1505654,1264699067.4206612,1288133165.6222613,1304727222.4378526,1314577150.374295,1320234420.6861777,1324692209.0843523,1328433631.0642228,1328849304.3337042,1326223494.4412277,1321978347.1608136,1315316355.8442025,1308129342.8488717,1303416551.1320379,1299960733.765912,1300106462.0907533,1302818389.983528,1305472236.5745177,1306073571.3506136
165,1270117673.7745788,1281361804.3334107,1288361272.6712444,1293055949.9692857,1298381984.1469011,1302511509.4030783,1306859380.4327981,1307772928.4808664,1307342838.0779836,1303692291.1975598,1295042738.2934332,1284508428.0472307,1269652525.3135958,1248998308.4292347,1221234287.4880922,1191542805.130494,1160971514.2235687,1132617272.013484,1105215557.1400316,1082378425.861739,1061950143.8202657,1046946715.81167,1041349776.360398,1040754341.5555444,1044280583.6276628
166,1153751518.099659,1156442462.9620185,1158165381.9409583,1158340731.9376843,1151545801.3702416,1144691171.1077697,1133458127.0121615,1127447592.231373,1125630900.8355377,1131215084.8548934,1144810838.8382878,1161084294.0086534,1178966458.7150614,1196440687.8865955,1208508935.7307408,1216286277.116866,1225577272.6052375,1235958909.3634837,1248529881.8860874,1258761767.40285,1269181264.7429028,1280394826.4242222,1290369011.929836,1296632610.4332976,1301711283.5135117
167,1171009528.9610696,1185623745.5609903,1205406111.769772,1227953629.133882,1249083136.0069501,1262982564.211113,1276710877.5835624,1279471222.1118371,1273997805.6442044,1262086614.0949433,1243757272.3340948,1223973904.1588476,1204313891.6460552,1184106974.581098,1166366869.44082,1153413425.814856,1147858885.3188953,1148208359.6576278,1153343979.8490355,1159403476.22649,1164718138.5250103,1169155025.3435833,1169298163.5500126,1167834157.9082878,1165113188.605566
168,1088276626.730795,1077985364.3736918,1068405694.9519287,1059110558.2743014,1055329257.9622285,1055290073.0831077,1071580639.0334892,1094204769.1609414,1122968693.1299841,1153106875.6263182,1181705086.299648,1206806484.1738212,1229237175.5633445,1248771039.7815068,1264267729.781351,1275265128.1210308,1283213112.7398603,1285547615.9749362,1283151459.6383533,1275822359.573357,1262895307.9798572,1247313850.6439137,1232565226.7747107,1220770703.3951302,1211322245.6638386
169,1250215649.809944,1263507521.0707958,1276645135.3856075,1289561168.3901162,1303711656.0262063,1316253015.5924137,1339516445.6522496,1358167036.79167,1373636453.91215,1388164016.5732214,1398961308.5917132,1405258016.2958267,1406780451.247528,1406239580.4061358,1403565179.8687484,1397543844.000707,1384514169.5786452,1369219840.303523,1351833913.5306778,1332335887.0895464,1313497021.5236738,1298852332.3113012,1286792593.7852015,1276844112.9090693,1269686341.0649724
170,1160702612.9783041,1173076968.5916746,1191949841.3556533,1212101982.3538043,1230260966.646666,1242981942.741864,1258597838.7990472,1269310176.6006687,1277605389.2266545,1284653351.7729855,1292156711.1349037,1302332571.0680795,1313399507.5619316,1324961525.8570242,1333789980.0750594,1336107196.8318532,1330706325.0639899,1319464057.0222409,1306975669.7531023,1295898547.2479558,1282837597.089092,1268769819.594297,1256029613.233133,1245697250.5439746,1235016780.0152104
171,1235274799.142251,1236366080.807752,1234951621.1064513,1233673736.4372718,1229630018.2536666,1227207762.9483013,1226185314.4907308,1226168707.498235,1228703953.0966036,1233232796.2232304,1237163584.1249187,1239588982.7988634,1239489565.4141214,1236726784.798927,1234092225.436109,1234914552.9736588,1235995956.3669665,1235567201.9285886,1233956383.8143094,1234116726.5967412,1232778683.755917,1232064361.5911927,1233068761.8328106,1238597817.149229,1244641690.7587543
172,1184793556.7676294,1203999199.385795,1222581467.7977688,1241254994.3015213,1257820146.7323847,1267277147.5408483,1275236770.9325466,1275813494.8208668,1273255934.7675593,1268710679.5372438,1262565982.8681173,1255548020.1505134,1251178894.5013814,1249566565.5649793,1251249535.5823352,1256050931.1180117,1265468552.1538637,1278423773.753697,1291788074.996997,1304347464.8682785,1315304718.715871,1323272992.5225275,1328988342.9358082,1330035259.592896,1329882624.8673496
173,1162242064.5892158,1163160658.386389,1168125486.4811025,1177741407.466197,1198077761.1778195,1213441426.4021716,1253408999.6498165,1288068421.4347727,1321521010.8306546,1353549695.11804,1380538374.8540978,1395193156.1332822,1399771450.6160443,1395104201.5877378,1382872977.15139,1364792372.9183123,1342841224.2121716,1319803934.5728621,1296618564.104717,1277726316.6138942,1261206610.1604202,1249058081.5691922,1239846585.7292504,1233111733.1561148,1226639525.6973305
174,1190943872.0688553,1211874311.46987,1228854830.8046906,1237224941.8585613,1236293135.285533,1233138615.6164527,1215932015.648212,1194236552.8349545,1168492125.4401777,1145034516.3549907,1125419437.9091706,1105829804.1478956,1090842802.3424766,1083878053.459303,1081281456.5040693,1083858328.007966,1088299417.746827,1090519556.7002769,1090436590.1201396,1088900118.7619257,1088118565.9726005,1088936335.5424218,1093653130.7702694,1101727544.1218967,1109750382.460809
175,1234860908.5670185,1237696802.675456,1237700478.185934,1235586287.499263,1230922837.702239,1226757830.0067086,1221626588.3380263,1217738448.1464,1213437037.2733932,1207610069.92869,1201920648.3344717,1197739330.1580536,1198756197.6865609,1204347190.044161,1213629389.2449143,1220855731.9488149,1223919098.3266315,1222719022.0617445,1217884579.1144705,1214153349.960069,1209512567.2693603,1203292219.778181,1196551436.381523,1189180791.4543304,1183970213.5104618
176,1254475005.5163822,1237702409.7674117,1216413621.2393324,1192761690.141612,1171655971.8735006,1161356194.8964186,1146743731.3982747,1147720630.0202808,1161066839.9726703,1184447415.9657438,1213852697.089137,1244124341.8145921,1274066161.2998695,1302516420.670083,1325530559.4102368,1341363438.0784192,1347152817.760737,1341960822.064319,1332095061.750857,1317803201.5591197,1297149629.1683574,1273269168.9824896,1249347399.0280435,1228395631.4251976,1206320029.5107975
177,1160890361.0458143,1158445315.241632,1161250949.9048204,1167743996.168533,1177738108.896756,1184584510.475233,1201361767.3242948,1218613551.2970347,1235868189.2581098,1253328501.836485,1267093469.3734965,1274870091.5004323,1278687505.7926848,1276430796.7595153,1269331105.4666336,1258993587.1971443,1247523867.955702,1234349892.1211643,1218832526.8036122,1198557771.880896,1174573095.2368393,1150809831.1920247,1130047196.7438798,1114087198.1258748,1101292749.9939008
178,1170487298.5702298,1161023385.633445,1151918955.8931594,1144525196.9009135,1136108500.0126307,1133274531.682012,1125906824.1353014,1123124492.4626143,1123316926.3802269,1125008857.3334737,1129680195.3708766,1136073818.8990405,1144064218.5161605,1153580074.8466897,1163913163.6516166,1174953704.9124188,1184798908.0473325,1192489779.7195506,1199816326.8470721,1204750492.618401,1207389333.6965241,1206552863.4478126,1204142795.6837685,1200545308.3901904,1193401298.427605
179,1225604769.526323,1217423788.7647684,1213440225.671172,1213172342.0110793,1217973987.8844137,1223679307.620043,1236526686.834978,1249824661.2847195,1260330508.1212535,1265546029.654523,1268728299.2887828,1269134884.308502,1266506604.1918976,1262350561.7436984,1256583671.2738285,1247175971.0089755,1238185813.0516717,1232181326.7898338,1229096725.1547894,1228340058.0996878,1228334426.5150595,1230053301.2868,1229978177.6623795,1235227476.6356752,1240230381.680989
180,1094596714.4289463,1090854254.3146482,1088801817.785825,1084032485.728956,1081192340.871686,1079087505.3679152,1075816515.974508,1071340654.1101258,1068194949.6342546,1063708417.8300688,1059037703.9881618,1058484856.7016833,1062495855.398024,1069317432.7388991,1080442528.3225436,1094190665.7542224,1111845841.507981,1131897014.9465497,1152705708.6029549,1167929434.6924832,1178992407.4265873,1186737770.9949427,1188459361.1645725,1185673431.9200277,1179612065.1153998
181,1226408574.7135215,1233317823.0642934,1235651820.4972281,1234912213.480726,1229170249.461382,1222042269.3349683,1207760383.1712205,1199376973.3912752,1193528108.3669455,1189701272.7973492,1189733613.4504921,1196116807.4333823,1208488278.0521874,1225683895.0394113,1243297654.5183737,1256573477.594299,1263354975.3078196,1262434509.209795,1252756691.8963087,1237185174.2978656,1219137264.90417,1198349081.20843,1176804558.416804,1157303607.6357734,1136934268.2942045
182,1376629644.1230855,1376240223.2335737,1369991955.8328245,1358064601.8479626,1342945662.7823222,1331217155.3090925,1311176932.36667,1307048119.8043764,1309536802.2560582,1316371865.3671308,1325959889.4077187,1334746562.9149666,1339959255.9515855,1339478816.8680341,1333604765.0954819,1325150682.656335,1316918377.6952407,1314000689.8716502,1316829671.9986298,1323079656.3650587,1335823437.8806226,1350630736.5985181,1363207764.8542852,1369644471.586376,1369394186.1397245
183,1230358758.907791,1241234208.2399287,1249556069.946858,1254562170.0189013,1258056166.085936,1257827317.5403032,1252844606.7252843,1246673628.83241,1238455546.522333,1229956910.9197848,1222703638.32777,1220850376.4883907,1223795132.8676124,1228498167.0972848,1231426283.6587799,1232325491.7991025,1230228410.0717335,1222868927.990409,1211828210.540006,1201571615.844853,1195003832.3302813,1187219090.5321286,1178211918.8228924,1166483066.641569,1152695084.218708
184,1201821763.243044,1204011018.6251698,1202569971.6904378,1200287046.8758645,1196113069.2542598,1195771195.6942608,1197127282.9523606,1200346352.2434225,1206504539.5025942,1212967539.859757,1220212637.2002463,1230751232.695997,1244509027.063731,1257607532.022621,1266615470.5743995,1274252467.387491,1278901675.38779,1281632760.9858236,1276394024.0483072,1266266928.5792122,1252799453.0006027,1238246285.36093,1224185077.029166,1208739151.220469,1193687724.1385586
185,1236231211.124191,1230962796.9808962,1225905097.3057606,1221457418.6549702,1214410230.8535893,1211485812.41134,1200985172.7595577,1192665306.6540744,1187685347.0323086,1186231842.2853053,1189871876.2172263,1200453315.2082207,1218587013.1589992,1237618141.6851544,1256559824.406803,1274037251.7808285,1286766347.2643511,1294108810.8197327,1293815100.5463417,1288768554.9604635,1281395035.7577147,1271905248.2770793,1259161925.0661838,1243760426.8145626,1231313983.4850743
186,1091272200.988647,1082779973.225992,1077312042.9147077,1075031245.4377158,1074182593.0776386,1079804829.0711682,1091087551.8294446,1103149017.8430989,1118820871.641348,1137397124.1379342,1154443651.6148653,1167323765.3558905,1176131374.7175112,1180025831.2429297,1177505207.2852335,1170061070.8914232,1160448695.2704458,1150934988.5145566,1140752723.9646149,1130745592.4186065,1124309397.745918,1123290613.5384734,1125348600.4068348,1130604680.7171144,1136768399.7175179
187,1109541027.3101842,1111597000.1460118,1122069009.9062767,1137201897.211839,1160070095.0232637,1175427515.221386,1205480506.1200194,1224484344.2162156,1240649998.5534937,1258518265.648028,1277052462.4689748,1295389279.5862424,1314828247.04643,1336134073.4985058,1356695687.4132078,1374521415.1508546,1390961551.3197794,1407396044.0771127,1422911561.8140574,1434475010.5709548,1447314414.9455602,1459855360.656421,1467043755.6977904,1464852241.2349274,1452056173.2608163
188,1211464509.0679226,1204618154.1282852,1198888251.762471,1196517273.231833,1196041593.6200564,1199056508.064238,1202970336.2024727,1205755487.230156,1205876874.6036015,1206523882.2508159,1209069023.0165055,1211748377.0047116,1214635653.1808586,1215801098.6249437,1215582403.271119,1211215926.3719711,1205730323.0177164,1201174461.3967302,1198133679.6160142,1197304404.401333,1193995368.2388933,1192320127.6950834,1192399766.596769,1194338190.7202923,1197020770.8106732
189,1396101466.4603028,1399601241.599801,1391106816.1939855,1372382695.6532416,1345661885.5319412,1324166076.1182222,1279851003.948218,1247517961.6622238,1220734199.9087505,1204101118.48714,1197302037.7452898,1196568863.0572088,1199274564.12133,1202940142.0740066,1202593094.273823,1199104958.6516514,1190603257.2221413,1174230810.5186303,1152226650.2281578,1130711974.5312676,1111890129.2512414,1096025865.0002022,1086308153.1212087,1079101686.2546713,1071938021.2506416
190,1234135740.071369,1234927060.8012934,1236879087.5912244,1240197678.9874814,1244694673.4805746,1248618696.9362304,1253869429.9200225,1259193572.512541,1262343998.7038484,1265182239.7141967,1269199898.3119495,1273165709.0608742,1276425589.814019,1279301203.4799333,1283539226.5260124,1286151184.5748997,1286489803.6645858,1289082567.9035704,1292085399.1959574,1290085900.6013863,1284642497.400461,1283412358.816317,1287220199.33263,1291273807.9523892,1293992593.3427129
191,1162837262.5705016,1177330878.5521603,1190483037.9630446,1200060442.7660375,1202847449.0031314,1204286335.4610748,1205228840.423311,1207144391.0969296,1210195533.9875727,1215358862.1615126,1222522234.6423717,1230757441.016009,1236542206.3886275,1240863939.5707161,1243664490.1311736,1243517342.2187738,1242041516.3478503,1239265886.7522118,1233593019.4562685,1227076696.7445345,1222466635.4984894,1221106294.8658497,1221322470.238695,1225646059.8057008,1232967762.2420144
192,1159212134.4494097,1157985982.4305408,1156966432.7905402,1157392099.8400593,1161550553.8126917,1167532198.7066958,1191364767.5227082,1215221177.204596,1238971842.4879344,1261305399.630362,1277525079.5993779,1283654431.9193282,1281492674.2167385,1270107310.6645741,1254051622.0525372,1232844698.1440094,1207319540.241742,1180190316.8117945,1152333841.0330362,1125564189.049526,1097585742.3415554,1073201022.8203527,1050059791.3090187,1033158797.8710108,1024718804.4038811
193,1190399235.7446163,1198597815.274542,1205448984.1633403,1211556603.474825,1214878457.110763,1215863996.9310365,1216434579.4514804,1214888062.6687353,1209420999.1007533,1203726967.1304765,1201729383.142287,1202894922.6521404,1203868201.3881032,1202912631.9216774,1197765464.456341,1188828552.6719196,1176585768.024464,1166721307.2263944,1162491106.2393832,1165515191.9220808,1174162965.0324283,1186857916.3771272,1204161005.0332177,1223254822.9130077,1246298021.911232
194,1261614707.5828075,1233368858.5761192,1207049379.0116339,1186782947.89025,1172137440.2521968,1166846450.500626,1161811903.2245245,1168320621.9429042,1181905784.2647169,1200482873.5151024,1222937652.622396,1244458569.2908804,1262507840.2208035,1275729189.139904,1285067161.6478176,1288047378.148695,1284967717.1541796,1279996490.2571003,1271303088.8983471,1264544537.1666365,1261447932.5895984,1263570923.1274922,1268134147.9775348,1273014768.6761005,1275420327.1813445
195,1306953895.49304,1321092108.8865218,1327328366.0012205,1327375850.135109,1319669371.5661936,1312518625.4706488,1290729630.277221,1270586503.4895568,1249399038.3468275,1229483723.3016844,1213150868.8724568,1200387663.8098958,1189688732.8140798,1185121948.5878985,1184149408.5539782,1183058379.7664287,1188214960.5049913,1200212720.3148704,1219431876.7819974,1240178713.5108113,1260156331.5311437,1277878089.2963386,1295871754.8964005,1310703333.91517,1323805408.10855
196,1119315112.1912067,1103999695.3991911,1089281441.5443106,1078065985.0781934,1065759409.980502,1062485239.8889426,1057951951.1876925,1056799315.5746782,1059723105.5434707,1061871945.3554136,1067077076.6491808,1074727393.4126227,1087787463.0422707,1103476941.4903178,1120033228.0495262,1134804163.6425219,1147508150.68952,1154343017.032077,1158619707.565815,1162846297.0214872,1164974792.1606052,1165321573.540963,1162402056.3834658,1157118114.1728668,1148870942.2113392
197,1398345878.5905738,1409198312.6166735,1409282098.691498,1397738327.8313897,1373234365.7428885,1350924887.9840856,1297233675.5355642,1255337345.215054,1218949351.475874,1189616895.6672883,1170881874.6308913,1161715162.5623357,1157451215.2661605,1158069873.221441,1161540922.190164,1165207305.9665453,1168000115.4436452,1169177273.321396,1167411532.611092,1165435080.213064,1165233934.6024013,1167164598.6465752,1170574871.5676441,1175494121.1571114,1179688518.5671444
198,1185101029.2084017,1183241085.4959097,1183127685.9879267,1183990078.9719684,1186175926.1718788,1189420075.3099728,1191783010.4273105,1192985364.0713837,1192863099.8837154,1189649974.2911804,1180267504.569812,1166464297.8243513,1151453183.3405235,1134894521.984403,1118255194.8586738,1101789153.180289,1083752004.2398543,1068299780.1046282,1057972118.590683,1052126975.2115098,1053992812.3610415,1063135953.9069012,1078967645.9441137,1098220609.045582,1121429030.8812904
199,1276651923.1385322,1295875856.6349006,1306150906.4635859,1305010962.5733333,1295107353.7558012,1286327194.7579482,1267914445.6222248,1252639280.5600524,1239462769.1743014,1230671777.437605,1228828021.5262601,1236198419.4892309,1250123490.1191993,1263911828.5255833,1276391157.2060585,1285108565.8196774,1289261338.5726802,1288643970.2051888,1283043615.1834464,1274488867.9525158,1264628583.3421464,1255950275.826612,1248500094.6316936,1241310262.4355245,1232650482.5487535
