,0.0005442176870748299,0.0005476190476190475,0.0005510204081632652,0.0005544217687074829,0.0005578231292517006,0.0005612244897959183,0.0005646258503401359,0.0005680272108843536,0.0005714285714285714,0.000574829931972789,0.0005782312925170067,0.0005816326530612245,0.0005850340136054421,0.0005884353741496598,0.0005918367346938774
0,111314103.62645182,177808809.09708548,235995730.7882873,281338817.27582985,300499084.39309055,287746314.7966816,247086098.38361633,190292244.31178543,131031084.02535664,82326572.68784074,44730617.581999466,22527636.396032955,10987940.989000138,5638860.416328354,1755951.8889793786
1,110984632.68701963,177897436.49503785,236459636.03408644,282080950.81961447,301307835.7306176,288357965.4403253,247348303.3931576,190147718.32802132,130549619.02684334,81647215.75974102,43936922.376993984,21616286.000826657,10013046.637893334,4614324.628524353,708844.9149354042
2,111491525.70889868,178704218.62168023,237528306.81540287,283353430.53133637,302666004.94720113,289657796.44856787,248463798.0881124,191007168.30300394,131141730.22563538,82019667.07117182,44139906.18061784,21719267.825654536,10064467.30852604,4639284.584311772,707279.7423488089
3,111540402.23985462,178603478.46678263,237234039.69724578,282827897.0225566,301933830.8830821,288807297.0997403,247622316.13684362,190295099.9733984,130638861.36286364,81759141.38088347,44136322.69088616,21850550.330815267,10232685.614793481,4798076.027864386,867039.076855906
4,111760497.42307827,178958008.10104746,237705928.06566244,283390350.83066463,302532973.4509312,289377869.38705915,248108421.5429014,190664504.23243836,130887315.69099917,81909582.65291864,44217691.49338436,21890398.737174638,10251777.92201482,4810822.363503261,889720.0169956406
5,110764023.82778236,177598131.5683589,236185720.33950853,281941348.54931325,301384346.46219903,288668246.49109066,247834597.81697246,190706934.2617556,131079512.85221928,82083535.57150058,44261727.882384345,21854066.020623427,10208296.654633705,4805679.89491098,933873.6825086551
6,110808766.16642493,177679274.1687091,236299756.4360607,282082148.87619334,301537787.24342537,288816865.8340216,247962152.3895813,190805226.34221542,131147257.00432399,82126667.8160655,44286247.82453988,21866809.53713193,10210038.572274826,4797989.371847147,900685.4389344449
7,110976676.45453882,177971938.02782658,236652013.09890884,282424833.15033007,301798317.46316063,288946646.92661554,247955670.862801,190695426.6528046,130983345.17869624,81954352.03075987,44128177.87574938,21727551.423340753,10077204.749636272,4657200.346804858,713506.7270171053
8,111099018.05859761,178155666.59106347,236887835.8660764,282699835.3062491,302088633.2557503,289224015.2691635,248196256.5971539,190883416.94186258,131116419.31299357,82041258.93803616,44177587.44596634,21752638.518980812,10087888.067744074,4660853.66479153,746410.7927133405
9,111447510.369106,178223152.85936525,236822123.47256446,282681897.24043846,302247167.1005858,289620242.64965904,248800601.25139546,191600597.15276533,131830934.9566213,82667798.75086568,44680450.673771665,22147844.02092473,10419613.957836471,4973006.335166109,1030792.3936285903
10,111198952.56555781,177823150.57479686,236301552.9804274,282074786.0368263,301607378.1150625,289011598.3500051,248278259.62154227,191194735.30372652,131546575.34978937,82484286.13757323,44576708.28917382,22093756.586303785,10394407.345723467,4960108.167796068,1027234.723878524
11,111831921.13166441,179139855.13082504,238005531.61928293,283808213.07917076,303036200.22425234,289907371.25866795,248595669.7296614,191054305.79529867,131149658.53701805,82032751.07109876,44209588.83572272,21848865.062219054,10203337.773862807,4761569.8856758475,841987.5992782093
12,112251607.52836563,179807863.97878742,238890048.998293,284860508.02298075,304157906.7250005,290978753.6761365,249513031.96927378,191758488.82151836,131632411.53393817,82334462.59712876,44372991.67164525,21931497.38595664,10244833.86158358,4784090.577461604,853184.3821507178
13,111680819.49366437,179092691.38556483,238138240.65811366,284197706.4337406,303695515.54568833,290768840.06140274,249527061.9654131,191912211.83528352,131826741.36493924,82487937.87692676,44419859.24262049,21873290.962424465,10144852.753176957,4687579.837605805,735212.3719843227
14,111545909.4464587,178883335.75945264,237865152.58680245,283875732.6905735,303353287.31330794,290440725.67600226,249243843.70580646,191690647.6564632,131671398.83734637,82388788.59113257,44365764.76702705,21847458.41601306,10135242.859415172,4685992.444476988,789869.3063266727
15,111594869.21602565,178952040.1452271,237947705.64318082,283965468.2983429,303441405.2011678,290518933.73665637,249306240.13161695,191735866.37966815,131700259.15859474,82404762.27058709,44371681.24731748,21847371.43960596,10132677.195125567,4685294.709226389,804643.2722326965
16,112166426.85946497,179868108.69853565,239165435.30199996,285418529.76584315,304994315.1561497,292006438.5291088,250583416.88870484,192719926.5574537,132377640.83334109,82829664.46959059,44601253.13632578,21960671.997906864,10184237.66394736,4704503.059843688,755079.6364387653
17,111931494.5955209,178867420.71954256,237426351.7776122,283237764.25398976,302803280.46865684,290169493.1523926,249318611.91701546,192056501.8447301,132203406.20376922,82954582.90328991,44887031.07817905,22297254.604845867,10533217.126716569,5061603.984514731,1099614.4756837015
18,111879812.21404126,178778984.39454716,237303327.88322973,283098290.5560763,302662814.17368734,290041294.21667814,249211861.38815698,191978103.08376437,132152903.56982155,82927062.88347006,44878161.171292245,22300921.58527241,10546359.6415872,5078393.195927689,1135326.3747893334
19,111566877.85085478,178721827.34620067,237649502.8131565,283701182.04339737,303307481.89669997,290570150.5394842,249533638.32595414,192077730.0297955,132077626.61455499,82753723.94538316,44664601.73323041,22089915.23197158,10356917.791352002,4908397.978852858,944782.6087210353
20,111284958.84171024,178285188.84408283,237088252.75382584,283047251.3260349,302620302.60977596,289920296.35814536,248979991.25723934,191655561.2224853,131790094.56801386,82576077.31284721,44571508.2792168,22045928.341309283,10333938.683747284,4893598.044222272,977557.1637637628
21,112591699.80397168,179851856.16295457,238563588.92329115,284154985.70018154,303236388.9078641,290212552.4287102,249264322.51035967,192035280.10692286,132257049.1505143,83067524.72986956,45023484.41322295,22423415.67125606,10629725.75071689,5132478.53853909,1199291.0037270915
22,112558125.89240593,179798996.7051168,238495412.19267973,284076900.79698086,303157231.2830185,290138272.26476943,249196250.37542683,191979962.85514298,132217046.55543642,83041408.40095784,45009157.65014266,22416850.249427825,10626771.591186255,5129410.345542126,1155560.7895813235
23,111611719.0730402,178668208.13462973,237565631.09939218,283618293.2448504,303251624.6890984,290557639.8237231,249565235.287193,192143308.9610067,132159639.48893185,82836288.2973385,44738709.1321373,22151731.45487815,10403737.30628602,4949835.394673671,1047567.6909895338
24,111817387.26983342,178996827.41824475,237984066.93851477,284103181.1053673,303759324.05428225,291036940.65762323,249973228.97217155,192455200.385373,132373859.84611145,82971142.14524616,44812495.85716421,22190189.575408433,10427561.694006793,4967079.834077383,1057088.806375899
25,111557648.04162686,178865841.4590589,237872793.50311068,283958783.85261786,303545803.49191725,290744249.46598905,249621979.81107906,192088134.47688836,132033464.47318813,82684344.24209492,44588490.02718517,22016948.717433836,10282667.863790983,4834650.374078344,888676.4136353572
26,111567966.16106187,178887974.6365472,237905035.89418557,283998817.682931,303588949.26006806,290784716.5419274,249655702.25808418,192111070.14360493,132046792.55005117,82690703.54436582,44589618.906116895,22013683.351466976,10273009.165948838,4820636.658347105,850253.8921815065
27,112700069.09678468,180127388.07847005,238992852.7899257,284689109.2035743,303758371.1107116,290507261.73831314,249234966.83128858,191904647.4819753,132125603.39444308,82972807.89407995,44968073.13677622,22392248.202897165,10604612.434728164,5098087.853261785,1110723.3747009083
28,112029071.76659298,179048623.28940544,237555455.1996682,282969863.95088077,301916426.6590525,288737296.21529335,247712507.601027,190737690.54514486,131326452.21179374,82473902.73243542,44699747.818546765,22261117.863068797,10549027.269684972,5086658.668636184,1186694.2706439497
29,111657138.67225805,178925781.8296963,237780152.1619863,283603705.68979466,302880750.36540896,289813820.1866419,248557081.59830484,191049262.05560055,131153497.9017094,82022879.21088268,44150865.167956255,21761431.801708523,10127877.666289223,4697459.779584043,765951.0838473571
30,111604642.85663454,178844174.11435258,237673008.43547395,283476257.6121095,302743777.4827941,289680538.2436921,248439326.69266015,190955147.34138346,131084960.32137842,81976384.87904936,44122634.52838852,21746916.534981925,10122791.117003214,4697064.656424985,790603.5028326715
31,111680429.18015061,178813723.77017733,237502149.00654793,283138126.08471274,302259352.0975749,289117991.47399145,247893233.66839075,190512471.6645699,130801247.70960753,81877589.55515179,44204862.59889384,21883881.704717807,10245885.065661008,4803616.143840668,849105.4339884338
32,111761609.1515253,178956812.11340913,237701041.70645145,283379328.4255489,302514082.14471245,289351346.5341189,248077225.03793082,190633606.91563672,130862431.40504327,81901931.35960661,44224980.88470211,21901485.511601966,10261133.20117141,4813382.122137079,869877.0084560543
33,111337305.92874886,178260979.44853157,236765405.08323467,282256634.50965667,301313875.7126353,288207247.781398,247104452.30307117,189896817.55301017,130368738.1766256,81602651.01094715,44064431.81914732,21824268.349049766,10229479.546755271,4806887.939260432,900287.031341179
34,112079890.22652173,179458650.1966397,238362741.47284144,284166086.0749958,303355596.0664242,290161718.8091702,248780397.92883766,191183642.62003413,131250327.71403873,82152094.47611482,44358888.97837125,21967730.491191298,10293406.755516125,4832400.998663439,869237.4619474636
35,111629501.16967045,178519832.12497666,236938362.3541574,282300108.8702414,301228513.17690855,288045735.4988637,246961532.5394717,189903589.07088843,130638604.35810585,81983425.62395662,44391315.423217654,22072466.22875404,10423425.780535985,4981430.917836771,1043991.1502603354
36,111866799.42185558,178900755.06231466,237445221.16025972,282905969.9021498,301877892.13154364,288670745.41345036,247502552.67170426,190324318.3211814,130927509.02067187,82165180.13140015,44491533.9929764,22124883.80355849,10449629.252936745,4990775.070596973,1081525.8046023594
37,112302622.74998824,179662206.9250529,238505756.6576948,284212738.9377501,303300959.9793562,290038283.9414327,248650719.8644517,191123278.85725713,131376754.23666476,82409482.91690789,44598815.14735068,22158291.69089452,10445975.593516469,4966888.273866859,1016089.6656634938
38,111862262.27624552,178958866.33680803,237575020.59819698,283108129.1380491,302127833.9924171,288923294.4317293,247702731.58568677,190403493.92499593,130880838.15011194,82092596.97188856,44421825.54265372,22065220.607591264,10396545.721435046,4939393.83697487,996114.01360318
39,111792152.01701094,178621183.6348487,237067345.29261962,282762898.53913707,302285379.2895605,289674524.7468896,248899529.5666937,191741584.09862816,131993950.5431894,82828619.9674805,44822924.52478859,22268490.39872973,10525918.941346277,5066636.477430393,1105318.8982516704
40,111832504.02582346,178674218.66951415,237130068.44880795,282836064.27010435,302365843.65182745,289755837.6221802,248974274.42571598,191805491.7710585,132044224.25195667,82865861.45604049,44848315.37663023,22285457.692042515,10536419.144113313,5072514.005165485,1142091.7510295443
41,111488950.39022447,178141358.70915198,236446209.8382686,282064716.8202336,301553862.42987317,288977637.86863524,248299088.80082917,191276617.2156373,131671374.4064026,82624882.12852924,44712565.73857167,22214159.020935964,10498531.22658545,5046864.159084808,1076671.7042615802
42,111724625.13725871,178527398.77848998,236967293.80619296,282681648.4812705,302205101.85905623,289594281.9680832,248823151.64409244,191674740.87450045,131941464.21241426,82791867.78529826,44801426.26393829,22258263.892859038,10521680.480681296,5064690.442809247,1141196.4751425663
43,110735745.88907667,177286665.3193623,235728512.019846,281419000.8563123,300890907.3018599,288284872.45765793,247601301.33078328,190619869.8755059,131100537.86655502,82161963.06681001,44363856.65293217,21957034.80285945,10308134.376221433,4899776.32379978,1026328.9229307193
44,110612179.52532686,177085907.95912886,235450612.49042237,281078293.9134162,300519876.43231976,287924637.0841616,247290161.32723457,190378911.0848316,130935585.40098989,82060491.23252569,44311197.64119811,21932124.019451283,10293880.966558259,4890934.793415414,1003737.3331000926
45,111401679.77297992,177974337.94665337,236087068.2372443,281211151.80199677,300088477.761988,287163223.1364057,246626768.31182235,189999391.52341914,130856360.09856226,82191604.55666323,44554159.26547111,22196879.51829279,10532488.295349322,5099887.080865064,1204353.0693120898
46,111357660.36641076,177899399.9763313,235984969.05980062,281088133.29316044,299957270.8769237,287038132.54370534,246518874.3477618,189916861.96655437,130801135.32991087,82159374.18137728,44539989.73980786,22193504.473101668,10533862.482134115,5099888.5479434645,1186777.5079842068
47,111305947.32455204,177805256.7440697,235924586.52207088,281266970.2173597,300638721.23816854,288088906.69856805,247548048.73821622,190720284.1719889,131313233.548273,82422525.66215868,44623935.95811311,22189408.015855014,10510603.8268133,5074894.051848761,1094122.7406470538
48,111362389.55083649,177888295.44980162,236034449.1558685,281399428.6843947,300773876.1718361,288215928.06075954,247658007.91043666,190809341.90538093,131381741.6210692,82474314.62078695,44661161.36920816,22214454.63670392,10518278.453633692,5074472.181273367,1149313.48552554
49,111054407.68149646,177558487.80352223,235888771.51224756,281563095.9453648,301057897.28964865,288493191.19775677,247846702.40070713,190880303.9570673,131348555.24746694,82377696.68927634,44538299.0009552,22095608.29688937,10420866.470331179,4988554.777172298,1063072.8693837398
50,111567742.88729273,178392675.3476909,236996227.16741854,282872150.3209727,302446404.44762886,289813767.69354177,248973464.2505201,191740443.19433126,131934767.96505457,82741252.76128319,44731081.488843486,22187352.792997252,10458634.997772872,5003254.074978505,1043002.6753242448
51,111917939.5788689,179225547.5205682,238074690.9824024,283844642.054534,303032804.81406194,289870142.8980952,248541986.41787082,191005937.30680814,131125553.9885967,82051304.79252411,44283100.63205899,21917885.78539397,10260127.50853414,4807530.631415676,895495.7943250024
52,112166877.44737822,179622177.3926565,238599332.90581965,284467452.36431223,303694578.2045426,290499172.1962177,249077161.6563009,191412658.49462825,131399963.09536922,82218148.20438392,44372753.97566931,21960649.583167497,10276937.244896915,4810051.2002424905,827344.20210173
53,112386539.57382838,179686616.1428824,238452854.29222775,284076273.34264594,303108300.8528885,289848169.8164758,248543870.2563204,191231813.0330403,131603066.50862667,82609832.12143195,44742969.33695039,22255890.438198444,10518052.388823595,5037559.68298486,1081406.9851891205
54,111993889.66477893,179043289.25170198,237588603.64174247,283040109.9116686,302000769.39787227,288790918.78557676,247644098.63881534,190543728.5733257,131134043.19852093,82322734.56169814,44596426.56808361,22190768.383978494,10490047.472412348,5013921.700771672,1060185.7867566478
55,111657536.55042094,178556641.35684943,237263687.53375196,283214689.4276688,302823225.9708993,290178608.854536,249286147.190782,191979865.3838068,132096658.02041978,82838923.68167497,44778327.24076894,22203345.548765026,10457621.27551377,5001859.996413118,1041657.4450659495
56,111580634.44901483,178435938.18556303,237104436.96729678,283025062.5582661,302620106.03414935,289982704.59610224,249115959.04263017,191845304.81210336,132000560.5968311,82775633.63145418,44742074.77366682,22185485.94131545,10452758.220025938,5002412.336208252,1084531.5050559507
57,111218742.13819617,178357746.16002658,237166122.70826066,283042151.1333033,302463839.1340056,289590960.2424824,248515937.3286328,191133200.26389876,131289965.42908378,82150799.7480541,44238049.042353906,21785319.25971668,10108449.86413477,4679457.88908442,791798.337488322
58,111269950.71763593,178432366.77653694,237260071.2498325,283150077.91609955,302576635.303468,289698115.93916583,248609114.36797437,191205594.4144157,131340857.0758285,82183390.98398441,44255188.810100324,21791885.00929756,10108481.35845573,4676380.212416365,753291.3067179421
59,111201472.60204272,178035778.10362232,236717991.96968505,282594094.6836026,302141836.0727681,289478786.86312073,248623743.4140553,191404973.89005443,131639826.91185665,82499602.84144638,44544550.98203444,22041414.42753267,10333813.894528616,4896719.450065237,926260.8101975904
60,111015563.48040402,177737703.1185646,236330042.81154415,282137664.8015368,301658861.03402615,289019293.90730745,248230728.4328702,191102169.53888226,131430556.37825832,82367540.33649427,44473437.42472989,22008917.741213433,10326128.349002013,4900979.335986995,987563.4548896151
61,111979583.64737128,178870162.2057548,237263080.70855364,282619984.26097184,301637655.0721368,288777536.5088916,248068799.36279175,191128972.04767,131636936.67443107,82677476.45111506,44812063.18022612,22322276.445520133,10594549.974051574,5134008.6395247355,1209381.3130624727
62,111952401.42951988,178818711.4758481,237188765.75069842,282527309.54956895,301537375.8877454,288682585.4885145,247990686.17768618,191074394.3936801,131605857.99220002,82663566.92564285,44807848.725460716,22318406.482892424,10581993.38572261,5111956.580891344,1179335.7563546228
63,111433428.8422587,178497433.56409422,237148055.47922507,282780428.2710592,301932075.4268847,288843050.07069516,247674609.1441272,190338718.92961276,130651914.36767668,81717531.090565,44045269.064420745,21773131.239012208,10173764.786841266,4752560.4478060445,858793.002237997
64,112341691.47410777,179945963.88448203,239068760.12285122,285069552.1171153,304378485.7007776,291189007.5695299,249694621.8057615,191900566.00841486,131733942.47221063,82403774.91639985,44418126.67110851,21955216.995769978,10256401.967350878,4789108.708737165,832865.0836637977
65,112081399.54202384,179468921.39408097,238383353.2918477,284198151.5598781,303396910.26889443,290207191.0110492,248823640.05488586,191219135.6512447,131275216.71577081,82162981.3126399,44359331.95307084,21965260.787427947,10291171.811888011,4830087.832523806,867009.613813464
66,112311324.94386755,179843807.43323871,238884496.30656344,284796711.29618484,304035220.30768096,290815626.4620767,249342347.13665986,191613983.65987748,131541736.15300454,82325942.95798548,44448841.160145134,22009578.439771973,10312017.682830367,4843532.096242664,933298.6150669308
67,112725942.62237547,180153468.8578333,239017283.51818478,284711769.8731694,303781833.3267323,290537434.5715888,249292213.24825448,191967049.78169942,132176356.7967768,83008261.27588162,44989726.0302887,22405728.426291756,10616520.447497057,5117249.376445493,1142718.2060078345
68,112369912.88075273,179583113.38674948,238259518.5789189,283808233.1994054,302817147.9925902,289614252.31012714,248500288.10633597,191356976.17849886,131756423.26851335,82745021.00414956,44848360.94626663,22338233.90812174,10589517.857337374,5108674.982229372,1207954.5250590895
69,112632837.35624272,179908451.02059895,238638135.97569543,284256747.2778843,303381935.5696355,290438137.2258752,249489026.99884468,192218570.97838822,132384697.89342277,83145708.14079925,45063924.19499533,22443867.664676752,10645340.147853838,5152732.305131126,1226033.7792303162
70,112195290.945448,179208943.84500355,237709593.57647297,283149523.68716526,302198847.0768967,289305631.2376333,248517280.22813052,191470946.57364735,131870540.6809188,82823357.47029825,44889825.719519585,22357218.27634617,10600663.72615677,5120963.088466392,1152128.189169008
71,112065330.84113312,179158141.3744781,237966169.1738345,284021218.53631955,303683144.1271941,291015483.9388387,250025716.86039576,192571663.6922232,132525505.08712056,83127263.37684046,44954383.71874132,22311980.756063897,10534830.165073922,5059259.725825553,1086856.162593076
72,112393099.48557194,179676281.4913781,238650593.56549498,284836857.1948753,304554907.2750586,291851741.72888064,250745530.3250495,193128147.3453247,132910179.45699131,83369070.84572193,45083902.39278466,22373647.08406245,10563400.097719027,5078043.367099134,1119485.5073343222
73,112285164.8046337,179843101.39011943,238921319.0857926,284882356.66549385,304167560.0892537,290977376.56721836,249505257.5342612,191750607.06089637,131630371.19426532,82343872.34151062,44403531.16948765,21960845.872957587,10268190.517493466,4798841.672393914,832983.9227658927
74,112439552.32837436,180095588.9391923,239260341.16927797,285289357.1365756,304603820.41754335,291395435.23721373,249863829.32711077,192025139.82712546,131817284.83591594,82458922.04978187,44465211.95101715,21991705.99408761,10282092.37605292,4804843.65602186,847158.0667944752
75,112490893.13419402,179674976.1663893,238357477.5145697,284028578.1926809,303439956.6724996,290730724.4225267,249813069.1755742,192479227.02311227,132546272.4280764,83219221.47123419,45076318.70982078,22430128.591407564,10630669.832948783,5137965.139442955,1134765.9870767025
76,112343167.8012878,179429884.84727493,238027053.2316359,283633954.04062086,303014329.06264615,290320972.8960416,249463706.89804158,192215113.83921027,132370080.11805703,83113316.08379008,45022257.827387325,22404463.00058565,10615766.554640146,5129599.321161536,1200601.2190903672
77,112313497.17696753,179609803.8144666,238383854.35091263,284024134.0012642,303073417.14440936,289819610.9938935,248497047.52779418,191108655.10078162,131473849.97846086,82510977.6229701,44681720.00048875,22222681.871225674,10499017.23445596,5018994.19070623,1085785.2514097996
78,112263233.19860621,179523923.06535104,238263614.57169458,283872344.7295461,302900766.86339533,289641112.56717414,248329732.83416975,190970486.57330933,131387779.5881061,82463823.8445438,44661981.008514024,22218507.7380517,10505107.91446907,5033990.517718961,1075561.6682443703
79,111491804.72637333,178756655.00772637,237731149.297443,283796157.63673085,303379809.44032776,290593385.64306325,249499837.06000817,192000335.7741298,131978048.73445621,82653137.26465459,44574387.41768258,22011480.847297892,10280926.369796628,4837685.427828724,897465.7783035431
80,111475927.42228277,178727982.28855342,237690948.38377005,283746143.5979345,303324251.6749785,290537957.0256768,249450727.8587959,191960593.75311783,131949851.2385733,82635562.5468261,44565371.45353534,22007418.344402175,10278622.430097317,4834810.531878079,902453.8564461591
81,112348853.24699134,179449954.74582234,238027713.44762394,283531876.28203005,302619854.1984879,289737106.7450721,248900359.41735208,191774321.04256177,132085896.25528729,82964115.71938846,44971998.466438636,22404255.769223623,10630018.206668943,5142314.846182399,1215401.566123508
82,112519965.01585966,179740064.38010582,238423964.386925,284012253.7811479,303136821.85617906,290230478.2211043,249318502.6281483,192088779.59228262,132293639.80220893,83085487.66273399,45027512.09999884,22420628.14403617,10624502.605027331,5128867.0904159155,1163392.5381206572
83,112346004.50450179,179696131.81662026,238821050.74881786,285083477.1703323,304819994.27567977,292084182.2043331,250913013.33519474,193221161.1959162,132941026.4931801,83361779.69684307,45057274.55357482,22341525.870276514,10525230.074281882,5035437.096609206,1077355.9271316726
84,112538232.37762982,179993179.0254004,239218073.1770902,285562092.02123505,305336677.37276715,292584973.6429491,251347889.50618336,193560936.85206255,133177800.51497008,83511457.77573784,45138239.9331599,22381807.48007958,10548979.466248743,5051484.762299197,1072988.8302149768
85,112988147.69345357,180496948.91152102,239496013.70690006,285503825.62921286,305148491.2274609,292404205.5573319,251256864.6510511,193582981.73347417,133292866.39416486,83675131.37014396,45312601.64632056,22539911.917770196,10675533.547233198,5157523.335557224,1184330.2895109807
86,113239192.05121265,180888333.230301,240007520.52530354,286108401.09645635,305797617.5102856,293030632.46242505,251799495.14442512,194006945.63716468,133590218.01851588,83866758.71493654,45421342.218616925,22599162.74196192,10710563.004727904,5182859.595499211,1230451.8507682828
87,112712520.00355342,180730397.4593048,240300653.18666553,286762089.63029444,306420251.1984225,293363977.1311291,251744054.29536197,193608964.46592396,132986656.01577514,83209825.60467249,44804353.814858824,22057609.06741402,10224082.042350264,4714050.244281093,751008.9624836597
88,112833643.37864222,180944977.82422066,240599769.35878283,287129165.83662564,306817693.17895776,293744884.4747423,252066510.1980009,193851658.46309114,133147158.55911593,83305149.60568227,44852360.0065798,22080355.699864924,10235489.126382032,4721612.289012449,729345.368656214
89,112558990.89229727,179802985.16180384,238544763.65659928,284272657.79269797,303710736.01047516,290985983.9514993,250027795.87845173,192641162.04051688,132655990.29161662,83287968.78446747,45114682.30794899,22451100.217249162,10641617.308654554,5148798.772850878,1192658.158321751
90,112431467.2405389,179582628.50508916,238238192.80519074,283893211.616717,303310755.5357363,290615540.0896428,249720763.05695865,192415858.98703492,132510844.72725528,83205511.2088632,45078099.37959763,22439716.95389888,10641726.851015097,5149715.691812917,1179081.6353534525
91,112250527.3031163,180011969.15999168,239370310.61323088,285681425.8792113,305295975.5129472,292315745.6023471,250867722.79012045,192952513.75253585,132548533.9952714,82944883.1688808,44670968.84360765,22002224.729661867,10211677.078128781,4729320.138757749,796358.5522504939
92,111830411.76150347,179336604.19409296,238471075.83387792,284607776.7775013,304149223.2609578,291219736.1109173,249929213.32047448,192234813.17999524,132059265.00668697,82642099.32585116,44511402.514814064,21927371.737736713,10181551.03238799,4721185.315449885,791323.3205215182
93,112493426.82535832,180267246.4814229,239563783.0257635,285731597.9131346,305153108.27135164,291986977.932321,250418666.0496043,192477968.1177629,132131468.64624125,82631236.2314938,44473965.20460504,21914627.163539823,10195802.848785952,4725815.109798972,755331.4128143959
94,112517064.29345854,180302851.06086805,239610119.22862968,285786384.07765555,305211648.20894057,292043580.3518636,250468656.34874657,192517675.182554,132160450.64924063,82651285.80038694,44486799.326199666,21922765.054210067,10201352.231210995,4731882.374815499,796390.3489388463
95,112123983.9131696,179690480.30427793,238960714.8248134,285272954.698456,304981811.9371659,292159409.8244886,250878969.25084212,193093296.1307819,132757515.71856768,83164399.56229669,44871906.93820901,22178604.128004406,10380721.352582673,4902149.293657488,918607.8492482856
96,111989895.3042731,179469942.1941996,238665078.50665262,284919780.1391129,304606107.3096405,291803468.6005028,250577960.87995887,192868078.031524,132609008.41789994,83077570.81673443,44831899.768679604,22166251.2800498,10383708.839244368,4910117.840907543,941045.3794544849
97,112946032.78241141,180500254.52737987,239473776.39805895,285251282.3213919,304351635.9362914,291073272.5117964,249737998.7673745,192302839.02411917,132402025.97597307,83145701.1927107,45060813.18702569,22439246.201156378,10632106.839613983,5123016.40052431,1193802.7298919382
98,112452806.49949656,179713916.4566139,238431945.4628964,284012375.75306684,303033262.012188,289818194.4341135,248664941.0654573,191474846.71784773,131831020.58423287,82786095.18078147,44864066.8986015,22338009.15380938,10578062.096778363,5087218.657687175,1109778.3647440101
99,111773127.48789166,179247264.85236412,238374173.8097073,284529020.09952205,304111396.2392939,291233120.7850516,249988211.4004196,192319731.93277502,132149406.86781083,82721843.8787649,44574805.79336019,21977212.943087805,10227870.126895815,4777446.480031573,833470.7475988576
100,111979746.18483919,179577385.91519964,238811901.43246624,285050218.80990493,304667459.95519567,291765112.7316571,250444450.95749313,192670443.2426545,132390411.00398232,82873157.07550281,44657709.697361186,22020942.316219404,10252852.500512464,4793847.534544183,892617.4559962497
101,111998367.90007648,179464192.76595736,238487827.65079567,284439045.6814388,303763981.9423976,290650594.63327736,249267311.35796976,191590693.60921597,131522519.64871208,82253121.1714229,44276515.48922992,21828825.02470954,10160891.29705888,4710963.989643575,727023.1625705332
102,112290946.69646041,179934115.6677233,239113214.76609197,285185490.86845994,304561172.88969433,291412707.54198325,249919996.62270874,192090825.19023666,131864251.49867494,82465431.46119963,44389852.39189864,21885537.965016298,10189761.322807737,4728600.175659676,787937.9819338456
103,112258764.92536184,179713176.27446762,238948465.6412878,285260639.9331797,304999100.6355177,292223822.9129283,250989817.61229008,193233068.56991768,132903344.27527745,83297854.49524464,44984850.58948162,22274224.633143757,10471972.508479062,4985251.9060393125,1009618.0158143413
104,112071847.935212,179414183.1142461,238548456.4050451,284781807.9521408,304486465.50009555,291733563.6713874,250570171.52263412,192915392.59898648,132691730.13871235,83173042.25913967,44925510.6551882,22250082.629126806,10456053.055928264,4973754.750906032,1013641.6882143104
105,113406289.93915977,181154980.1100785,240334280.73812434,286391699.60905606,305945066.3754518,293111979.9743762,251845067.13836545,194034470.56201953,133610280.62788226,83882860.29905929,45431916.02326557,22602499.199780196,10703121.83834506,5164662.4024551045,1153686.986101273
106,112968695.67214294,180450175.47277635,239393062.37342927,285261910.86886394,304742745.3855594,291970524.59068894,250871320.28556314,193289844.35283077,133101962.6275863,83568172.58450152,45267381.448699884,22529003.55434146,10682372.555925788,5169892.179577711,1215759.9802371429
107,113223657.28753237,180831972.93659857,239864562.91499627,285758680.4760718,305128110.41765594,292290251.4622721,251143883.64758176,193519303.6828,133287606.67555715,83711716.51957102,45369053.55741625,22596242.79466722,10720966.572501816,5191335.930134139,1190081.586281076
108,113283183.12656201,180933833.7096932,240004321.95069182,285929605.990235,305312758.60532176,292460503.202439,251285385.2331667,193623971.36698335,133355373.99096559,83749759.33271813,45384879.13667131,22600316.758311138,10720860.91808896,5191817.399268111,1223521.4792555117
109,113167000.45120351,180762870.53268632,239774214.96414477,285618303.08852,304856936.49621296,291893104.75331825,250754062.2076173,193199126.2298331,133061322.79274969,83569567.90940763,45292015.50058255,22555581.482401434,10694528.342639532,5169905.775614504,1197433.5173283056
110,113140538.04811303,180705724.11393842,239688194.1443422,285507559.8346389,304732498.3500377,291776073.9767858,250658896.43913236,193132014.86687794,133022008.73180068,83552866.76998116,45293002.337904416,22567836.18636498,10712969.924187358,5186059.829654374,1197875.48816395
111,112992563.93001546,180467798.8480197,239408123.20659423,285292049.3829935,304821279.23111486,292070156.7092997,250975720.54406014,193386410.2877447,133181992.17717716,83629274.53307863,45310342.28275108,22557838.65189096,10699070.605471132,5178834.903193903,1180905.2251132
112,112693654.12200472,179993437.425313,238782930.37990278,284552709.0682563,304026053.21618956,291301396.69194776,250310628.6101796,192870306.26852542,132824529.54286857,83403972.79145597,45188325.583740816,22498615.671683423,10676315.125725295,5178284.63720503,1253758.937558531
113,112520767.32713775,180308959.18351787,239616862.6277181,285792787.7127951,305217225.4588303,292048251.4180073,250471948.11419052,192520517.65863106,132162351.17480038,82651938.65902,44486131.89627065,21920018.114091426,10195174.398125222,4721594.868908978,763788.0113475409
114,112236148.93882057,179854133.23678875,239013909.04319236,285074874.8998469,304451261.4154773,291315596.1113158,249843925.03053403,192037430.8636609,131830470.85548453,82444305.7557594,44374405.67328335,21866754.512169074,10174812.593378548,4719780.552271446,816499.6165283069
115,112723542.73027161,180076356.29668552,238868875.04392895,284518779.53941435,303611565.4557242,290519577.5374784,249498940.93601757,192205206.54017127,132370444.77428803,83138011.76751734,45061079.70968811,22440700.723449584,10635497.182500793,5131998.244628333,1174570.1032202365
116,112970227.24612962,180477523.59250435,239406151.63902253,285162658.2896777,304300783.7045185,291178865.81740254,250061464.38253564,192633908.0404721,132660383.58590515,83315034.74154466,45152366.35985001,22482595.418113817,10651591.96962987,5135277.310609076,1146393.886085008
117,112505795.01775934,180136141.75006914,239259650.47980204,285233084.1626543,304493145.78439635,291249114.798484,249712606.5365732,191901253.06351763,131744542.32652722,82460434.02545658,44522385.45905114,22046191.84729382,10328749.84547083,4849934.187126226,880478.7752326145
118,112404508.82204993,179975983.72585166,239047501.85494003,284979620.5678132,304221079.6241007,290986655.56432396,249485073.26440609,191722958.9703261,131617900.74054919,82377544.12997986,44478244.300723106,22024269.58167982,10317444.409506222,4841997.108073782,883295.6445778792
119,111334033.99875768,178192964.4871176,236912288.15936336,282828694.725449,302403932.7765253,289745466.302932,248870498.21191934,191611062.67939204,131797213.33421132,82613139.72930738,44622877.90176232,22099545.028640185,10385588.983637284,4943587.277104674,1000008.89322627
120,111768593.76417911,178877609.36929932,237817365.57848835,283906104.6736805,303555527.3367793,290852037.9566383,249825664.02981454,192354830.52800408,132317296.46318498,82946921.2533445,44810391.25822774,22198431.25607245,10437605.179970948,4971444.546725295,996720.1122316128
121,111662819.41108727,179064448.48946255,238097097.8930995,284140806.13391674,303623517.80434656,290686552.55730695,249443241.1334155,191834466.3518955,131762127.87079802,82438917.28571421,44386165.32027013,21851378.413225,10131222.622733325,4677991.188708767,769188.214608078
122,111441810.6986918,178708190.0872978,237622110.62163484,283573026.8330747,303016334.3504084,290105418.90805215,248945043.33619246,191452349.8263642,131501102.83806026,82277177.85502414,44300570.50574886,21809857.862672567,10110436.592396693,4661571.977613615,736198.3637755723
123,112327670.3457793,179584398.65647632,238310255.30190703,283901148.1797408,302920194.66553706,289673413.20812833,248409043.94060156,191153538.16814506,131561479.2754687,82592057.36472215,44740226.81463268,22259666.202954892,10523222.602879109,5041150.900975182,1077416.286140379
124,112622547.60960416,180048357.30529138,238921244.11439547,284625850.8629953,303691265.786426,290408008.4240291,249037122.2265462,191636208.03435144,131894609.37375411,82803711.80441478,44858912.502915785,22324011.86761362,10560330.320940955,5066592.877156852,1145782.9463273245
125,112342852.6898277,179754322.9825059,238650908.5375775,284407408.0499445,303526713.6381988,290266722.06277317,248850398.3452651,191267767.61022428,131433397.01435904,82421888.71665107,44588790.75249166,22138979.12095109,10422004.52451459,4939486.540431439,971869.5073580984
126,112299523.22995403,179682157.88997856,238552163.01228085,284286578.7234999,303394457.5755218,290136100.7411237,248734652.87344941,191174538.9166246,131367966.26142891,82382705.8125057,44569207.95267699,22130032.908903766,10417799.083689695,4936762.877620334,1004186.6307886089
127,113141198.82538895,180744320.40558362,239758455.04835263,285589861.53350556,304782108.56728214,291713326.01371515,250560521.6450065,193039075.8191307,132952266.02536908,83507757.12426461,45267184.20541859,22552367.94294979,10702184.741881076,5180669.248544172,1199704.228398185
128,112747524.70885313,180110054.30112287,238912807.11941257,284578359.32171583,303698718.50055504,290675742.0073343,249673782.71754402,192359886.71710894,132488088.21802472,83219403.17992137,45114198.0228216,22479929.95771447,10672200.185537357,5168919.876003112,1208790.9963177806
129,112598141.77810524,179908819.57516602,238789552.20906234,284850025.4218997,304526094.3573107,291824977.8429849,250747652.20678118,193164690.04377416,132972340.78169706,83440665.52560279,45151080.019295745,22426840.25829009,10593206.321338514,5094141.65200825,1119388.1824140302
130,112617648.89580703,179938132.3730777,238825548.2903762,284899876.93686354,304587544.6673595,291889088.1535301,250805083.3027946,193209987.43665507,133003897.55626437,83461362.81191143,45164868.068294644,22439098.345007487,10608575.832153516,5107519.44387704,1135452.9643607007
131,112873800.84436654,180731509.81173947,240054496.97678563,286184301.06987566,305511913.2611214,292226786.9292962,250553802.30173755,192549937.75582293,132192658.11224909,82748292.57359974,44685445.76851624,22133298.89021381,10374983.997814873,4874888.851079031,921487.9470757913
132,112392641.3734038,179956517.65853408,239021827.24720845,284950020.4203982,304191098.868371,290959816.98496366,249464271.12242392,191709558.90139803,131612992.68336809,82383502.65481707,44486936.69385646,22033191.39216561,10326568.401759818,4851543.056411998,879613.9596552997
133,111811418.44773237,178986000.9575347,237975682.52249914,284096215.28629494,303752239.63251656,291028602.6822468,249962633.5412746,192444215.03080836,132362444.54375531,82959785.26543781,44801334.62051877,22178622.061292823,10413597.13445106,4951237.492306991,1024523.7518065062
134,111600997.33785303,178653539.93261638,237535011.00764933,283570468.43058115,303189438.7240946,290487361.10159945,249495455.13089666,192079898.9430577,132107941.4776079,82797504.61343151,44712488.0294488,22135472.463333312,10395235.853475537,4939485.810936442,1003185.077401165
135,112547101.25852762,179800961.86135247,238578485.09037337,284429596.8281499,304022538.99352723,291334398.7787554,250339325.34080082,192875013.44935662,132801650.16111016,83362492.54027107,45140359.131155364,22456285.447964873,10652281.072640002,5160128.858853879,1222800.158864097
136,112352538.7424823,179494652.071373,238180116.08488044,283959992.5347274,303500544.5653032,290821238.84012645,249891517.29592374,192527014.91204342,132561616.5642594,83212067.7141914,45057831.07636958,22410954.576763317,10618947.066643776,5137021.337602699,1204293.6037857856
137,112293631.86718966,179400022.63073835,238053123.62782967,283806670.059523,303341472.71062136,290671705.9000033,249764262.78726512,192427608.56852758,132490694.74291496,83164223.96128654,45027670.687508486,22390561.76913721,10600948.451129073,5121096.984329288,1195044.0456110283
138,112207261.93549544,179246443.90415424,237835643.18671632,283538817.1099794,303066000.2810217,290418219.48344225,249555162.23270312,192275533.40640768,132393953.6662428,83110758.47930741,45006148.63135188,22386778.29404415,10605187.547050506,5124893.095893438,1158281.1302987689
139,112165153.31168528,179204588.89155108,237722572.7572543,283148541.99930626,302117777.22102594,288991718.819163,248086466.33227023,191086763.25708875,131592622.93259713,82652474.16710107,44804259.27639077,22318578.562953755,10578109.04909249,5093993.095837469,1138078.2691968156
140,112021174.85404311,178983105.75822207,237434559.06202984,282809352.2194926,301757527.1755728,288646963.76557344,247789267.86463,190855908.7918702,131430145.60156433,82545965.52860086,44741328.26373673,22282735.891465064,10559749.85962565,5094011.614404058,1149001.3660924558
141,112088439.89440094,179052892.94059443,237506150.06020537,282892569.6142139,301876791.07927126,288873330.83514595,248096273.22619364,191130005.00495374,131633174.3909181,82677722.66829413,44815531.36567269,22323441.67216569,10584236.74503743,5108353.48122138,1148009.3561916875
142,112068074.63021857,179010780.2923223,237442668.75006542,282811564.05111754,301788682.1006673,288790017.101304,248024628.9938604,191077038.90658867,131599798.48516479,82659518.65488085,44807783.62004266,22321792.958092168,10588363.537733734,5120156.359107791,1193997.5003083386
143,111847229.85635723,178695127.77908334,237150879.65483716,282852315.71684235,302385553.1863551,289779710.66882116,249001164.52591702,191834226.20936087,132072459.55469768,82892357.59702694,44873112.844066866,22309514.53977294,10561445.026465073,5095562.014723292,1141816.342167605
144,112024608.6910471,178996711.5850357,237567477.503783,283348239.17121696,302902620.3299589,290262948.26518065,249405958.8993626,192136286.9493937,132272662.78440997,83012011.96502966,44932518.57567504,22335121.833619572,10572838.045558438,5100873.594973239,1140616.179700509
145,112264808.08481432,179468175.1051195,238145240.93219754,283696855.4415434,302698893.8524045,289463698.7335112,248238366.20440894,191032361.1249815,131481728.3759113,82544799.44347593,44717284.51222363,22250316.97357488,10519945.94263952,5039246.296925723,1077068.3480826868
146,112200794.17389986,179355072.42624095,237986712.66046154,283499528.51617247,302479390.9131539,289243086.9614397,248038171.17033187,190881838.14948738,131385522.44355045,82491230.85678524,44695424.7758292,22247004.761453584,10526945.406247938,5051800.790667571,1169359.449536527
147,112139949.30094154,179630196.18592933,238653376.7781936,284575844.9941427,303850043.64579237,290679659.08186,249251524.16628718,191553014.46937788,131487251.8785426,82240385.14893608,44321588.82988271,21904031.932011433,10228667.090260047,4772055.675667176,837832.382458361
148,112350496.55551335,179960039.8197515,239087782.05372196,285091992.41890776,304401042.1496943,291207803.0133655,249706642.53913125,191905567.8013879,131732434.48906901,82396898.11753489,44406120.60825515,21943376.743871436,10245308.277100565,4778825.998033687,828392.0237881076
149,112273484.43346058,180022965.3606247,239347958.73766866,285604198.56005317,305155491.13164556,292122374.6346446,250648328.7865888,192740217.34060556,132368572.50630127,82807683.26131105,44575538.11465474,21936192.33054463,10160518.897038767,4675519.288584489,750984.1209014923
150,112255279.80330698,179995700.54442912,239313711.08568686,285564938.6923911,305114151.0188315,292082263.365259,250612622.43533146,192710521.5552141,132346493.24841648,82793195.49308626,44568439.92420713,21935175.85744379,10164381.816035405,4682343.662381498,783107.816972866
151,112521566.95330125,179726403.2975775,238438165.78043658,284165487.44544804,303659286.91323376,290967245.18127203,250029368.3749491,192654056.05053318,132671757.2705067,83301593.15700454,45124537.48238002,22458401.293431573,10652326.683246082,5162655.88317625,1232097.220328377
152,112533227.72669175,179760983.43842697,238497663.3506013,284248176.3621642,303744695.4418006,291041678.7444465,250084302.69989693,192686620.80409393,132686015.21446422,83305050.66487469,45122780.66255367,22454151.936271176,10639651.845423311,5141171.092584224,1183931.4193614514
153,112099944.94721133,179730078.22066808,239017053.75320655,285320571.4447407,304999349.68241066,292136598.87393093,250820151.0108005,193014021.8336458,132675408.54426907,83092892.51544191,44816630.068526715,22137650.736805905,10345753.647351183,4868059.11777326,892939.3331142076
154,111752944.41150232,179197843.1389278,238325556.8978684,284508022.8981886,304139161.1604195,291316410.52834135,250115340.8585644,192467330.91138208,132293588.18132165,82847025.36949672,44676709.554665245,22061610.991154812,10305551.20199647,4849901.654751624,913155.8070339843
155,112960965.46053068,180735483.4094215,239948361.5413294,285949887.5685772,305171408.8016221,291841194.80914414,250205926.79331222,192321460.37202054,132177296.9180966,82889866.82121778,44839298.8838047,22261063.392936423,10480524.449481504,4975490.256980096,1069085.7636173214
156,112757002.02310461,180402402.08778065,239499342.2644887,285406851.0686866,304583292.1995145,291269302.8868211,249706690.8455522,191928070.47487727,131908425.03783274,82730095.98390721,44760594.840361886,22228346.777876414,10470080.807065582,4968951.302326676,1023044.8258094479
157,112853410.64187078,180259371.702525,239107257.48355502,284831395.0466643,304037356.659469,291135013.49587166,250112501.75697225,192712086.3267279,132732283.26132903,83369112.86483954,45190535.21961306,22513457.527570043,10686087.43158688,5178405.098679618,1213847.9742357002
158,112829359.49460553,180212912.79269195,239037407.92841032,284737475.13647187,303923579.56443375,291034572.6964612,250036535.3205441,192660648.1834885,132701442.21472813,83352966.06672853,45184882.156268395,22514056.809923682,10690324.718710337,5181276.720255623,1180115.984894087
159,112227610.44841495,179854673.42870423,239028367.2849417,285107666.1343319,304501872.0792078,291378156.4985354,249908797.10183775,192094518.177532,131873558.01030748,82471775.2260583,44386022.55583102,21858882.848887045,10163012.906347604,4709723.8335130615,797074.6597363454
160,112271856.59028521,179923959.74296978,239118873.13897035,285214213.34644216,304614487.1046387,291484734.33326983,249998750.5228787,192162585.74556136,131918955.27477054,82498538.43169406,44398125.46221752,21861585.544584423,10161028.68695796,4701878.243630135,741843.1894984324
161,112736816.04832035,180419724.46024984,239561829.86521575,285517719.2160206,304730218.9614001,291427181.17330617,249843046.34333485,192013245.39718428,131893462.14770141,82680354.84148376,44708185.2070865,22181843.16020668,10427628.689209059,4929080.867896652,989088.352820851
162,112627286.53045097,180234258.48364246,239308654.26262003,285211088.82333976,304400266.18227017,291110399.17599356,249572361.66371197,191806964.9036796,131754237.22171004,82593150.52592672,44661433.95323895,22158821.612689134,10416111.099428274,4920454.586303377,930935.919920019
163,112480565.01357178,179897641.7534203,238779501.43582195,284504924.2503805,303589931.3367647,290308963.2866201,248900158.64054635,191372026.01831022,131626288.83712739,82593432.28206468,44714553.368104495,22225956.43985505,10485445.048612101,4993676.459462445,1050871.3228444213
164,112650995.3211337,180168360.47842917,239138459.1969521,284931808.99441546,304043084.21787536,290737347.8649629,249261018.12587342,191640910.58762217,131809405.82830976,82706590.60623924,44775361.39676062,22258970.388615526,10507599.098910494,5012736.202228471,1085162.7237948272
165,112589315.84696333,179901273.9078351,238659119.1730661,284271292.0484222,303315526.85130024,290125575.5540999,249028073.94402072,191800404.25447196,132078422.60404716,82954012.18365015,44963907.34681084,22393462.855919566,10607660.346589798,5102799.273007365,1113950.7995335322
166,112353393.02690154,179509401.07210362,238127496.8325342,283626924.89018166,302618067.3535063,289449054.59842914,248450430.12310767,191362754.27289465,131784339.58790466,82776255.76706427,44874936.11169701,22357874.01838982,10603905.814209782,5120347.286031888,1171859.5306491747
167,111600063.57951348,178974909.95207134,238006191.8103856,284076398.870335,303608943.04962057,290730740.25494,249535608.81777033,191953476.73952243,131882954.73130548,82544232.22112347,44469814.67896243,21916359.270822905,10184656.169328455,4728991.347408912,794826.7134904726
168,111729516.54051654,179179220.03526732,238275882.20233265,284397022.425632,303951232.49065274,291058937.5158441,249818447.27155045,192172461.3172718,132035013.87891339,82641105.53263414,44524139.05472391,21946078.606204655,10203379.17368684,4745691.511521717,814773.147817165
169,111868390.95492421,179121688.86354545,237916373.1937984,283634577.0822509,302787913.7606135,289617468.6145598,248311732.59412247,190821013.8895769,130999231.72133596,81994534.99512197,44273330.28270841,21925664.604146425,10276541.704028215,4830197.284598332,919131.857940766
170,112639616.42302597,180356017.65883917,239554925.45378232,285587738.2473723,304874145.12956,291615784.0033517,250029434.4173249,192146034.52177203,131913955.15225878,82570861.48987256,44586144.02601084,22080836.81993949,10348013.128980875,4861970.236574326,927379.3752393298
171,112428534.15819828,179746668.36940667,238526447.50413814,284159203.8185077,303195273.55675054,289935241.95957386,248632937.13248873,191334885.42450628,131693047.73697434,82680817.85325758,44795893.57996371,22296480.812349852,10550389.360242998,5060070.737798551,1081204.5492090003
172,112911288.8130095,180513594.04040402,239541276.4314494,285368424.7808092,304489675.8433321,291180735.1587041,249712596.1960937,192166914.6149589,132264946.53506409,83040445.02216566,44991217.708832964,22392883.13527479,10593423.438108748,5076637.885593976,1134780.335431895
173,113038388.12249662,180711910.45928118,239801386.0677593,285674482.7784671,304810725.13242704,291480108.2695277,249958749.4588213,192349454.14043662,132388534.57560262,83117471.3871462,45033720.40156714,22416648.595636405,10610231.161084661,5095535.53463506,1114433.823500251
174,112951873.08702496,180578943.01818582,239628373.94400463,285470467.7659693,304593488.93329686,291271325.7441344,249777704.19206235,192209559.4175306,132291767.44604437,83055720.30195378,44999174.72128671,22398164.130926304,10598641.568637041,5083996.47657867,1106248.7498831146
175,113025328.18367912,180549495.41751435,239559546.55448827,285567754.81004626,305198852.2403309,292441451.74011433,251282373.14487532,193599015.70810375,133301017.88722636,83677398.95031364,45310732.455754526,22537334.39759881,10677733.38878772,5158734.877818644,1203763.2439327573
176,113147713.8241865,180745992.83958957,239818630.14086357,285873177.20208204,305540683.8788547,292777155.5616472,251573098.73771632,193822340.16427827,133453370.3008812,83772867.33245458,45364584.65911035,22568824.439834334,10700292.080682395,5173467.740124924,1185861.200034849
177,112620557.21383546,180110596.53869346,239349791.03895634,285714032.8300406,305497046.8854576,292736515.29547894,251475296.52836686,193655763.85924593,133239437.1228578,83546526.94707978,45153535.607435234,22386151.215724114,10548723.068757584,5049816.641511486,1105134.480666141
178,112735552.32353939,180296923.84117186,239590891.27479085,285993384.57623136,305789748.71973777,293013243.95970684,251712116.52980345,193837444.33870992,133365416.72587068,83627161.76537389,45198307.91395777,22407088.36154231,10548193.33827109,5038199.0578834275,1068237.4557414898
179,112974311.13829485,181130330.96739757,240803044.69533077,287319599.26191294,306965738.3485852,293833324.64350486,252096913.36271563,193839538.64357227,133113293.30019297,83267491.83464296,44818894.64453334,22052860.745715287,10210478.433983019,4690791.9158295775,728137.1625491978
180,112590157.30856594,180518558.7188529,239992514.87815258,286354339.27195853,305935094.9922288,292846153.2689135,251248471.61003235,193185289.16389742,132662055.98652777,82983639.60543741,44664984.987555996,21976685.31936195,10175412.864872396,4675967.99724735,755352.6854138665
181,113300425.97975822,180983408.12828532,240063818.82230887,285937910.9987167,305128409.6534292,291998028.5386565,250788370.2715631,193205694.00829744,133062105.10738535,83574420.85870503,45301968.177289955,22568440.43962917,10705767.49927149,5171338.919020529,1191758.1889168823
182,113453174.45618461,181220392.81326282,240374837.8378075,286309281.56887513,305531307.83024704,292389734.7032519,251120071.8893066,193461098.30329385,133240188.52663657,83689066.86273527,45366952.49416132,22603938.707946446,10728022.15159849,5193760.396130034,1261366.895036615
183,112424703.68282373,180258362.39682096,239733126.0917656,286190395.49179006,305942475.9071353,293049866.5365172,251609455.32185122,193623585.22373614,133093359.75005446,83351472.11242324,44951539.28247992,22198999.564280283,10369685.785978973,4880100.443559984,938289.9985786044
184,111852082.46226718,179320819.11252925,238473718.1703887,284677317.31123024,304318783.14358425,291491661.08386815,250272257.91627398,192595398.3223977,132388620.9124341,82911604.91200766,44714052.033378735,22079042.68246303,10308622.946917828,4849266.870131887,931227.799746207
185,112605061.92524451,180432433.73709986,239771121.79609945,285965418.2971146,305389437.5229764,292201405.6473522,250593525.39914623,192606540.87483653,132217030.2265195,82685295.27332054,44507856.7678922,21944827.026491422,10218697.407357886,4745725.878034675,824716.8571605126
186,112467713.5229303,180206031.0334193,239465815.5652518,285597743.53144556,304994268.40242404,291821501.84825104,250266708.439118,192355210.66000748,132044572.92905408,82577486.02247103,44449686.31205032,21915252.26098533,10203588.442560606,4737166.346031202,792945.1430487098
187,112619911.11940923,180603681.39835334,240149418.1907624,286597401.509845,306256712.8117297,293215624.91594404,251620314.5608953,193515065.62417334,132921515.5896738,83168412.97362986,44783188.71440944,22051290.999527503,10229188.388453163,4731238.166453788,775953.0389910694
188,112615534.78482056,180587961.92500108,240122399.9537924,286560373.29007787,306214361.9123419,293174377.4496118,251586258.66228357,193490173.47139624,132906088.81909521,83159874.91444299,44778583.87616442,22047678.078578345,10225068.878907334,4725113.008572571,789176.6870469968
189,112133322.03010276,179825956.34841934,239124230.47528696,285388816.62776023,304983954.91196877,292017216.27739406,250610521.2804933,192754341.80850196,132411232.77053739,82857586.08100578,44623046.1834279,21979342.528673545,10205284.74762616,4735616.496992794,809114.0650844264
190,112278130.80779634,180049632.50995493,239416285.43966877,285733762.0987563,305351311.4662399,292370154.8722088,250916802.90040347,192994729.88326392,132581802.3004842,82969410.73281288,44687439.184293956,22012770.60251821,10218107.170326497,4731792.221182524,827935.0965937695
191,112486270.39394759,180168433.73491392,239356832.88965902,285405311.5381156,304729529.9712379,291518395.2365927,249972539.35925597,192112237.63259375,131881128.45149614,82503658.8955991,44491342.37587596,22005562.12043899,10294720.74475184,4823636.549416173,936131.1324601921
192,112491394.5524571,180184859.4348875,239382768.04272988,285437572.386115,304762761.2249204,291546938.86462307,249992361.48003015,192121746.44118506,131881149.14805278,82496416.68052585,44486710.58884755,22002582.020982753,10287556.304888595,4808799.517788956,838931.3137824247
193,112488130.41352282,180057665.1009793,239393857.54313195,285786673.8512375,305558876.9480236,292759539.81877834,251449752.88758963,193589443.45139804,133150739.04071112,83454558.59966126,45069083.560175866,22310763.601939853,10471725.454829086,4972627.205322312,1015288.183337704
194,112225581.72245064,179633870.69267192,238836467.8289405,285126453.38967556,304857360.2609805,292090591.80803615,250877478.63651645,193148711.19388416,132846300.63084094,83261380.58784701,44961682.219794996,22255060.944701135,10446321.00656968,4965562.955035063,1026144.1620501798
195,112898552.67533825,180480694.3038183,239487941.92433977,285295626.7746275,304404263.2092021,291094760.5814505,249641000.3036167,192128494.59807995,132248768.10544552,83037920.2192486,44997434.00958004,22404158.31445921,10609377.79488909,5102045.748623348,1160677.520903458
196,112930014.27826962,180533036.8448384,239558903.71723646,285380876.0645988,304494489.1670124,291178231.34294724,249708663.38901407,192178929.64780045,132282098.3722242,83057599.56440032,45007160.20573748,22408520.380189095,10610265.994946126,5096035.847286861,1120409.3093175685
197,112865746.12345512,180334855.04087564,239339796.6618971,285467274.40469515,305169862.23479277,292433969.9662134,251267414.60811445,193564868.14731908,133249108.80663365,83616787.35179646,45250136.10611285,22481628.32839438,10628740.65614542,5117530.781512217,1141334.385375265
198,112712498.25103329,180091471.11994454,239017365.10422742,285086914.97277796,304768576.45451534,292051743.706056,250939242.93703464,193310812.94436333,133073085.21750863,83505808.12580054,45190223.01722279,22452577.205389515,10614184.60035556,5108039.162744844,1145125.786796607
199,112900476.17506914,180686789.3303041,239981672.72378498,286168601.4415116,305656396.47932863,292599305.5309176,251141347.46490738,193260299.0390431,132890303.20439994,83290784.75457077,44986417.683184095,22268737.029007748,10431745.591041647,4917780.094039695,1002144.5942408334
