,mean_fit_time,std_fit_time,mean_score_time,std_score_time,param_activ,param_batch_size,param_d_c,param_epochs,param_l_r,param_n_layer,param_n_neur,param_reg,params,split0_test_score,split1_test_score,split2_test_score,split3_test_score,split4_test_score,mean_test_score,std_test_score,rank_test_score
0,6.938378763198853,0.5988714835016256,0.15330429077148439,0.010618203905596273,relu,4,0.0001,200,0.01,2,4,-3,"{'activ': 'relu', 'batch_size': 4, 'd_c': 0.0001, 'epochs': 200, 'l_r': 0.01, 'n_layer': 2, 'n_neur': 4, 'reg': -3}",-2.125541255587623,-3.208523230893271,-1.5205144797052657,-71.938460622515,-1.5243968099355698,-16.063487279727347,27.944274174423825,102
1,6.51221661567688,2.2303443938806478,0.12429442405700683,0.039035929472506545,relu,4,0.0001,200,0.01,2,4,-3.5,"{'activ': 'relu', 'batch_size': 4, 'd_c': 0.0001, 'epochs': 200, 'l_r': 0.01, 'n_layer': 2, 'n_neur': 4, 'reg': -3.5}",-0.6770514310975115,-2.309568416504633,-1.4833748845073085,-8.419827432720922,-1.7324467898637521,-2.9244537909388253,2.7973423801415747,64
2,6.001336193084716,0.41670204237240177,0.1245185375213623,0.026705505917554953,relu,4,0.0001,200,0.01,2,4,-4,"{'activ': 'relu', 'batch_size': 4, 'd_c': 0.0001, 'epochs': 200, 'l_r': 0.01, 'n_layer': 2, 'n_neur': 4, 'reg': -4}",-0.9086977652678754,-1.5254201624276382,-0.8545125207996794,-1.0761130613141827,-109.49659795761109,-22.772268293484093,43.36280617627991,155
3,8.306042575836182,3.362344073012923,0.0798804759979248,0.024249206615402603,relu,4,0.0001,200,0.01,2,5,-3,"{'activ': 'relu', 'batch_size': 4, 'd_c': 0.0001, 'epochs': 200, 'l_r': 0.01, 'n_layer': 2, 'n_neur': 5, 'reg': -3}",-2.2015704711111974,-1.7570045604592277,-2.8329923379988897,-2.6277918570808003,-1.734826809889637,-2.2308372073079505,0.4453232598479577,52
4,5.802135276794433,0.6428391139634718,0.15163741111755372,0.030694576214386107,relu,4,0.0001,200,0.01,2,5,-3.5,"{'activ': 'relu', 'batch_size': 4, 'd_c': 0.0001, 'epochs': 200, 'l_r': 0.01, 'n_layer': 2, 'n_neur': 5, 'reg': -3.5}",-1.2061268775945617,-1.5649837722053885,-2.2669072417303964,-1.7923259458371572,-2.509548990428448,-1.8679785655591903,0.4703899487171422,34
5,6.938399982452393,2.073957680444748,0.10373692512512207,0.020192865765976127,relu,4,0.0001,200,0.01,2,5,-4,"{'activ': 'relu', 'batch_size': 4, 'd_c': 0.0001, 'epochs': 200, 'l_r': 0.01, 'n_layer': 2, 'n_neur': 5, 'reg': -4}",-2.459737677127123,-1.5607000157857935,-1.2876410212899958,-1.8610883326757521,-1.420589127158746,-1.717951234807482,0.41690632127660304,23
6,5.411615467071533,0.5440204398452755,0.1251955509185791,0.04089256758663938,relu,4,0.0001,200,0.03,2,4,-3,"{'activ': 'relu', 'batch_size': 4, 'd_c': 0.0001, 'epochs': 200, 'l_r': 0.03, 'n_layer': 2, 'n_neur': 4, 'reg': -3}",-1.2418423488381363,-76.77607890537807,-1.5850913339915376,-3.1517871325569495,-1.9977245977148415,-16.950504863695905,29.91971780972433,107
7,6.134796190261841,0.17311451393048702,0.1820920467376709,0.02232891177752867,relu,4,0.0001,200,0.03,2,4,-3.5,"{'activ': 'relu', 'batch_size': 4, 'd_c': 0.0001, 'epochs': 200, 'l_r': 0.03, 'n_layer': 2, 'n_neur': 4, 'reg': -3.5}",-4.63712322137629,-3.8608680842666043,-2.519720819556997,-2.1498475528898693,-2.2385256686480717,-3.081217069347567,0.9921245557402063,67
8,6.677252244949341,2.2153210052696823,0.10828781127929688,0.012773300055614842,relu,4,0.0001,200,0.03,2,4,-4,"{'activ': 'relu', 'batch_size': 4, 'd_c': 0.0001, 'epochs': 200, 'l_r': 0.03, 'n_layer': 2, 'n_neur': 4, 'reg': -4}",-3.3272242213244594,-0.777972589646067,-1.885243493886221,-2.910713241923423,-1.8930961701786146,-2.1588499433917567,0.8924914225122198,48
9,6.880784940719605,2.102172978882185,0.13473639488220215,0.03101260408564028,relu,4,0.0001,200,0.03,2,5,-3,"{'activ': 'relu', 'batch_size': 4, 'd_c': 0.0001, 'epochs': 200, 'l_r': 0.03, 'n_layer': 2, 'n_neur': 5, 'reg': -3}",-1.7785241588329275,-1.790009355305561,-0.9059947648617838,-1.6175867124859775,-1.7366129979491234,-1.5657455978870747,0.335476759294599,17
10,5.41678819656372,0.40491082167898,0.1808162212371826,0.07653693350245704,relu,4,0.0001,200,0.03,2,5,-3.5,"{'activ': 'relu', 'batch_size': 4, 'd_c': 0.0001, 'epochs': 200, 'l_r': 0.03, 'n_layer': 2, 'n_neur': 5, 'reg': -3.5}",-96.00154621444554,-1.2494954892567225,-3.2403492026385807,-1.4640905012687047,-2.8561281725764274,-20.962321916037194,37.527494736721394,136
11,6.128982067108154,0.18048337685519822,0.13029065132141113,0.01367214518282353,relu,4,0.0001,200,0.03,2,5,-4,"{'activ': 'relu', 'batch_size': 4, 'd_c': 0.0001, 'epochs': 200, 'l_r': 0.03, 'n_layer': 2, 'n_neur': 5, 'reg': -4}",-96.00178035891925,-1.9833670599120004,-2.5116407335514115,-1.5822051366170247,-2.8387992763891816,-20.983558513077774,37.51159135845379,137
12,6.030257940292358,0.15887468254769105,0.13695697784423827,0.021030467436901228,relu,4,0.0001,200,0.1,2,4,-3,"{'activ': 'relu', 'batch_size': 4, 'd_c': 0.0001, 'epochs': 200, 'l_r': 0.1, 'n_layer': 2, 'n_neur': 4, 'reg': -3}",-2.15131457810778,-3.139882042294457,-4.57158023686636,-1.7694548254921323,-9.189523188769817,-4.164350974306109,2.6927893027856347,80
13,6.567331600189209,0.13841138840186706,0.24101738929748534,0.09741246189762608,relu,4,0.0001,200,0.1,2,4,-3.5,"{'activ': 'relu', 'batch_size': 4, 'd_c': 0.0001, 'epochs': 200, 'l_r': 0.1, 'n_layer': 2, 'n_neur': 4, 'reg': -3.5}",-8.710875914210366,-5.062294429966381,-4.226821102290636,-2.793825415628297,-2.361410054937005,-4.631045383406537,2.2592481892842833,84
14,6.874066257476807,2.3594565264247596,0.10607676506042481,0.019309899716650303,relu,4,0.0001,200,0.1,2,4,-4,"{'activ': 'relu', 'batch_size': 4, 'd_c': 0.0001, 'epochs': 200, 'l_r': 0.1, 'n_layer': 2, 'n_neur': 4, 'reg': -4}",-5.274056403764656,-3.7909425695737204,-106.67566968811055,-3.7740982118107023,-7.5793102264404295,-25.41881541994001,40.65216917700428,180
15,6.718440437316895,0.4744262654652439,0.1803831100463867,0.020940391156725493,relu,4,0.0001,200,0.1,2,5,-3,"{'activ': 'relu', 'batch_size': 4, 'd_c': 0.0001, 'epochs': 200, 'l_r': 0.1, 'n_layer': 2, 'n_neur': 5, 'reg': -3}",-1.7980271252093925,-5.043099494207473,-4.852690339265835,-3.300708144903183,-4.5722343198955055,-3.913351884696277,1.2200609531371265,79
16,7.298747873306274,2.1131747066324933,0.13486461639404296,0.025803849541702412,relu,4,0.0001,200,0.1,2,5,-3.5,"{'activ': 'relu', 'batch_size': 4, 'd_c': 0.0001, 'epochs': 200, 'l_r': 0.1, 'n_layer': 2, 'n_neur': 5, 'reg': -3.5}",-96.02755399234593,-1.0427731616156442,-6.65388149322964,-5.374548318130629,-4.535079975519329,-22.726767388168234,36.697617309504395,154
17,7.101765251159668,2.0606858973417004,0.19600729942321776,0.07113720280503498,relu,4,0.0001,200,0.1,2,5,-4,"{'activ': 'relu', 'batch_size': 4, 'd_c': 0.0001, 'epochs': 200, 'l_r': 0.1, 'n_layer': 2, 'n_neur': 5, 'reg': -4}",-3.1927027025570474,-4.837473767144339,-3.7277444413020495,-3.4080522379704883,-8.494697360694408,-4.732134101933665,1.9646790642488916,85
18,17.323539400100707,2.8309007764336713,0.24627985954284667,0.0887457955916048,relu,4,0.0001,400,0.01,2,4,-3,"{'activ': 'relu', 'batch_size': 4, 'd_c': 0.0001, 'epochs': 400, 'l_r': 0.01, 'n_layer': 2, 'n_neur': 4, 'reg': -3}",-2.1635494749034043,-3.562615622466962,-1.3827370888597907,-74.66854389672656,-6.496984952595085,-17.65488620711036,28.56015533733057,113
19,14.971925735473633,4.535142541925846,0.14342975616455078,0.032615917096754786,relu,4,0.0001,400,0.01,2,4,-3.5,"{'activ': 'relu', 'batch_size': 4, 'd_c': 0.0001, 'epochs': 400, 'l_r': 0.01, 'n_layer': 2, 'n_neur': 4, 'reg': -3.5}",-1.3231991359165736,-1.7277546539414852,-6.644263799135972,-1.1708235963524203,-112.00071021993645,-24.57335028105658,43.76108872278306,173
20,14.048744821548462,3.7683317935352,0.16965384483337403,0.03986580144435547,relu,4,0.0001,400,0.01,2,4,-4,"{'activ': 'relu', 'batch_size': 4, 'd_c': 0.0001, 'epochs': 400, 'l_r': 0.01, 'n_layer': 2, 'n_neur': 4, 'reg': -4}",-2.575434253952976,-1.8881743651193876,-1.1536334124615504,-1.9048135238034385,-1.8021113008260727,-1.8648333712326852,0.45096258571864084,33
21,11.624036836624146,0.9384008350040317,0.12493958473205566,0.03467524941809878,relu,4,0.0001,400,0.01,2,5,-3,"{'activ': 'relu', 'batch_size': 4, 'd_c': 0.0001, 'epochs': 400, 'l_r': 0.01, 'n_layer': 2, 'n_neur': 5, 'reg': -3}",-1.7352724110796338,-2.258630021696999,-1.5180779336286443,-1.39919280509154,-2.0222766026854515,-1.7866899548364537,0.31723137239460564,26
22,13.691146993637085,3.779691037535006,0.1795501708984375,0.030061869539303003,relu,4,0.0001,400,0.01,2,5,-3.5,"{'activ': 'relu', 'batch_size': 4, 'd_c': 0.0001, 'epochs': 400, 'l_r': 0.01, 'n_layer': 2, 'n_neur': 5, 'reg': -3.5}",-2.8101469519093545,-1.8390727354479688,-1.5052102612043243,-2.006303304717654,-1.7299289231421426,-1.978132435284289,0.4466855090674551,41
23,11.48262324333191,0.9743231810885135,0.12734365463256836,0.025844939947176435,relu,4,0.0001,400,0.01,2,5,-4,"{'activ': 'relu', 'batch_size': 4, 'd_c': 0.0001, 'epochs': 400, 'l_r': 0.01, 'n_layer': 2, 'n_neur': 5, 'reg': -4}",-3.104487415037251,-85.33341670713465,-1.0872203735135761,-1.3898827657547026,-1.8904017804656177,-18.56108180838116,33.393258303649354,120
24,12.826460552215575,0.9849110082264565,0.16755380630493164,0.056340379128625766,relu,4,0.0001,400,0.03,2,4,-3,"{'activ': 'relu', 'batch_size': 4, 'd_c': 0.0001, 'epochs': 400, 'l_r': 0.03, 'n_layer': 2, 'n_neur': 4, 'reg': -3}",-1.305220566385071,-69.55533563523065,-1.4645788189733313,-1.0467628201558477,-2.717606218531728,-15.217900811855326,27.174811416224454,99
25,14.588340282440186,3.5207850405680334,0.24850168228149414,0.10486419696556502,relu,4,0.0001,400,0.03,2,4,-3.5,"{'activ': 'relu', 'batch_size': 4, 'd_c': 0.0001, 'epochs': 400, 'l_r': 0.03, 'n_layer': 2, 'n_neur': 4, 'reg': -3.5}",-1.3306369066593193,-1.0769532457703637,-2.1273893184427703,-1.1836282405115308,-3.360309387766756,-1.8157834198301483,0.8559808453187575,29
26,16.1124125957489,3.0077588402826705,0.20047402381896973,0.09916373608359784,relu,4,0.0001,400,0.03,2,4,-4,"{'activ': 'relu', 'batch_size': 4, 'd_c': 0.0001, 'epochs': 400, 'l_r': 0.03, 'n_layer': 2, 'n_neur': 4, 'reg': -4}",-3.603445883352487,-1.6521238243495602,-1.7753204388843318,-74.67500444404071,-2.636294825607911,-16.868437883246997,28.91176734150359,105
27,17.477297210693358,3.9756816116143026,0.19013304710388185,0.08869111555171065,relu,4,0.0001,400,0.03,2,5,-3,"{'activ': 'relu', 'batch_size': 4, 'd_c': 0.0001, 'epochs': 400, 'l_r': 0.03, 'n_layer': 2, 'n_neur': 5, 'reg': -3}",-3.748158631935006,-1.7260032186195964,-2.488691745902456,-1.8284257724881172,-1.7088909917045385,-2.300034072129943,0.7789778442538108,54
28,15.022058773040772,3.2310584353504073,0.12421422004699707,0.028530143561926718,relu,4,0.0001,400,0.03,2,5,-3.5,"{'activ': 'relu', 'batch_size': 4, 'd_c': 0.0001, 'epochs': 400, 'l_r': 0.03, 'n_layer': 2, 'n_neur': 5, 'reg': -3.5}",-2.02454647111396,-2.8938799457890645,-2.261987609433986,-1.5231690085936516,-2.1818750931415707,-2.1770916256144464,0.4408855903251826,50
29,15.33297963142395,3.1486100083063113,0.22216153144836426,0.08036738326239622,relu,4,0.0001,400,0.03,2,5,-4,"{'activ': 'relu', 'batch_size': 4, 'd_c': 0.0001, 'epochs': 400, 'l_r': 0.03, 'n_layer': 2, 'n_neur': 5, 'reg': -4}",-2.3170790047872636,-1.2312293904168266,-2.174459527956233,-1.7003551891871862,-8.07694968180731,-3.100014558830964,2.517575332417884,68
30,16.93619351387024,3.976673577945026,0.16975784301757812,0.11646952488989548,relu,4,0.0001,400,0.1,2,4,-3,"{'activ': 'relu', 'batch_size': 4, 'd_c': 0.0001, 'epochs': 400, 'l_r': 0.1, 'n_layer': 2, 'n_neur': 4, 'reg': -3}",-96.00255117355846,-0.8420926062833696,-1.992616328455153,-1.360979390995843,-5.205123766884208,-21.080672653235407,37.4917090898472,140
31,16.031756114959716,1.3273013653462924,0.1937037944793701,0.04965660302504079,relu,4,0.0001,400,0.1,2,4,-3.5,"{'activ': 'relu', 'batch_size': 4, 'd_c': 0.0001, 'epochs': 400, 'l_r': 0.1, 'n_layer': 2, 'n_neur': 4, 'reg': -3.5}",-3.4724363343391036,-2.644744762308186,-106.66762985909979,-1.4518284854434786,-4.321551589667797,-23.71163820617167,41.488818808693786,169
32,16.857556343078613,2.332268051248861,0.19051809310913087,0.07121299766668066,relu,4,0.0001,400,0.1,2,4,-4,"{'activ': 'relu', 'batch_size': 4, 'd_c': 0.0001, 'epochs': 400, 'l_r': 0.1, 'n_layer': 2, 'n_neur': 4, 'reg': -4}",-96.01411953754723,-1.4542708056313651,-3.6609415089977637,-3.670403594949416,-3.4775663072243335,-21.655460350870023,37.18870544079013,146
33,10.771871995925903,1.0034572913857722,0.10831413269042969,0.021369586860130012,relu,4,0.0001,400,0.1,2,5,-3,"{'activ': 'relu', 'batch_size': 4, 'd_c': 0.0001, 'epochs': 400, 'l_r': 0.1, 'n_layer': 2, 'n_neur': 5, 'reg': -3}",-1.9422797662250342,-2.5799437505858287,-2.897452661767602,-35.18170093354725,-7.603236658498645,-10.040922754124871,12.730156572995025,95
34,14.886584377288818,2.399549599588461,0.28835325241088866,0.08196116196836284,relu,4,0.0001,400,0.1,2,5,-3.5,"{'activ': 'relu', 'batch_size': 4, 'd_c': 0.0001, 'epochs': 400, 'l_r': 0.1, 'n_layer': 2, 'n_neur': 5, 'reg': -3.5}",-5.358444810844958,-2.6277630563404055,-2.215412324737935,-1.7842739249269168,-3.5720093781128526,-3.1115806989926136,1.2695931194302317,69
35,15.195954418182373,0.7895990036932261,0.17197103500366212,0.04673755255820821,relu,4,0.0001,400,0.1,2,5,-4,"{'activ': 'relu', 'batch_size': 4, 'd_c': 0.0001, 'epochs': 400, 'l_r': 0.1, 'n_layer': 2, 'n_neur': 5, 'reg': -4}",-2.6525768020323346,-85.37430417005505,-2.6848728885164572,-2.578983025181861,-7.3735563296824695,-20.132858643093634,32.67224210034101,130
36,8.341818952560425,1.517435405641365,0.22555394172668458,0.07399844447322554,relu,4,0.0003,200,0.01,2,4,-3,"{'activ': 'relu', 'batch_size': 4, 'd_c': 0.0003, 'epochs': 200, 'l_r': 0.01, 'n_layer': 2, 'n_neur': 4, 'reg': -3}",-1.053419126181065,-2.126233924077713,-1.4139958932286216,-1.3721025871733825,-109.25065770149232,-23.04328184643062,43.105114845896296,158
37,8.349348974227905,2.16910501208768,0.13693900108337403,0.027357794520011674,relu,4,0.0003,200,0.01,2,4,-3.5,"{'activ': 'relu', 'batch_size': 4, 'd_c': 0.0003, 'epochs': 200, 'l_r': 0.01, 'n_layer': 2, 'n_neur': 4, 'reg': -3.5}",-1.8403018421404773,-1.7442408605877842,-1.2366041500908544,-1.7036643465315657,-109.22851295471192,-23.15066483081252,43.03942931971604,160
38,6.949638223648071,1.9941252364144535,0.12631535530090332,0.03373448484583101,relu,4,0.0003,200,0.01,2,4,-4,"{'activ': 'relu', 'batch_size': 4, 'd_c': 0.0003, 'epochs': 200, 'l_r': 0.01, 'n_layer': 2, 'n_neur': 4, 'reg': -4}",-0.834992328941423,-1.795570748736195,-103.26974133082798,-1.5620274884360177,-1.908394399372628,-21.87414525926285,40.69951229678498,148
39,5.4440505027771,0.49911563149897525,0.22089076042175293,0.11996625355361122,relu,4,0.0003,200,0.01,2,5,-3,"{'activ': 'relu', 'batch_size': 4, 'd_c': 0.0003, 'epochs': 200, 'l_r': 0.01, 'n_layer': 2, 'n_neur': 5, 'reg': -3}",-4.255339213779995,-1.7789557910790401,-2.081469323962838,-1.7221426279062317,-3.246903419494629,-2.6169620752445466,0.9869969207228748,58
40,9.21936297416687,1.227458322146535,0.22511606216430663,0.10961998819396424,relu,4,0.0003,200,0.01,2,5,-3.5,"{'activ': 'relu', 'batch_size': 4, 'd_c': 0.0003, 'epochs': 200, 'l_r': 0.01, 'n_layer': 2, 'n_neur': 5, 'reg': -3.5}",-1.2472585093706758,-1.181419519352771,-1.189108868711628,-21.526163745494117,-2.0345106086460873,-5.435692250315055,8.051665586515586,87
41,9.181286001205445,1.9986550506331744,0.16230511665344238,0.03202996133930453,relu,4,0.0003,200,0.01,2,5,-4,"{'activ': 'relu', 'batch_size': 4, 'd_c': 0.0003, 'epochs': 200, 'l_r': 0.01, 'n_layer': 2, 'n_neur': 5, 'reg': -4}",-2.698025017694038,-2.2394082699902356,-0.5348038978298151,-2.391322537990553,-2.2738205432891845,-2.0274760533587655,0.7636348884128942,44
42,7.9863776683807375,1.9726460609803962,0.168764066696167,0.09160408859993469,relu,4,0.0003,200,0.03,2,4,-3,"{'activ': 'relu', 'batch_size': 4, 'd_c': 0.0003, 'epochs': 200, 'l_r': 0.03, 'n_layer': 2, 'n_neur': 4, 'reg': -3}",-3.466163497274032,-0.8838832901702041,-1.7017609913434302,-2.5978822807470956,-2.1160555555019527,-2.153149123007343,0.8646337098666912,47
43,8.380882596969604,2.3912784545494845,0.10993151664733887,0.03687253854798779,relu,4,0.0003,200,0.03,2,4,-3.5,"{'activ': 'relu', 'batch_size': 4, 'd_c': 0.0003, 'epochs': 200, 'l_r': 0.03, 'n_layer': 2, 'n_neur': 4, 'reg': -3.5}",-2.4519427921844734,-85.33342766251215,-1.7494876134885653,-1.7153749409176053,-2.4414363774470984,-18.738333877309977,33.29908091009248,121
44,6.789490985870361,2.0070155883714578,0.11375818252563477,0.025137457645322075,relu,4,0.0003,200,0.03,2,4,-4,"{'activ': 'relu', 'batch_size': 4, 'd_c': 0.0003, 'epochs': 200, 'l_r': 0.03, 'n_layer': 2, 'n_neur': 4, 'reg': -4}",-1.1655937334123467,-1.9927637165501004,-106.66725184186362,-74.66787753013584,-123.17821691022255,-61.5343407464369,51.379026717175385,214
45,6.285240888595581,0.4202447985696447,0.23430137634277343,0.09182010418732404,relu,4,0.0003,200,0.03,2,5,-3,"{'activ': 'relu', 'batch_size': 4, 'd_c': 0.0003, 'epochs': 200, 'l_r': 0.03, 'n_layer': 2, 'n_neur': 5, 'reg': -3}",-1.534420886154597,-3.4281243781248727,-1.173961910624279,-1.3516062079884468,-1.9279205787694083,-1.8832067923323206,0.8119173309445546,35
46,9.28140606880188,3.034350629684097,0.14079813957214354,0.052958487201528265,relu,4,0.0003,200,0.03,2,5,-3.5,"{'activ': 'relu', 'batch_size': 4, 'd_c': 0.0003, 'epochs': 200, 'l_r': 0.03, 'n_layer': 2, 'n_neur': 5, 'reg': -3.5}",-1.701699751922639,-1.1388585915168126,-2.0901982496891702,-4.6076553492319015,-2.0961232814006507,-2.326907044752235,1.1927655522956886,55
47,7.155270719528199,2.161790043070511,0.17017192840576173,0.08091403805675251,relu,4,0.0003,200,0.03,2,5,-4,"{'activ': 'relu', 'batch_size': 4, 'd_c': 0.0003, 'epochs': 200, 'l_r': 0.03, 'n_layer': 2, 'n_neur': 5, 'reg': -4}",-4.629601466402944,-2.9674216474273374,-0.2152316029338787,-1.7374770364591055,-4.28867501062341,-2.7676813527693356,1.6368497219277698,60
48,8.042556524276733,0.8744476876201281,0.20989294052124025,0.0888133996790852,relu,4,0.0003,200,0.1,2,4,-3,"{'activ': 'relu', 'batch_size': 4, 'd_c': 0.0003, 'epochs': 200, 'l_r': 0.1, 'n_layer': 2, 'n_neur': 4, 'reg': -3}",-2.7484945292983736,-1.5407763687627656,-1.9919558660615058,-6.289655424299694,-1.3285464795306325,-2.779885733590594,1.8211029522819913,62
49,6.393639183044433,0.36672052503077757,0.17025461196899414,0.06483119684988396,relu,4,0.0003,200,0.1,2,4,-3.5,"{'activ': 'relu', 'batch_size': 4, 'd_c': 0.0003, 'epochs': 200, 'l_r': 0.1, 'n_layer': 2, 'n_neur': 4, 'reg': -3.5}",-5.679942435984101,-2.0013894988667396,-3.8971867568436123,-1.6692644350585484,-112.00506967119873,-25.050570559590348,43.5010850890392,178
50,5.958879470825195,0.28983493222777457,0.13617944717407227,0.029616642290563034,relu,4,0.0003,200,0.1,2,4,-4,"{'activ': 'relu', 'batch_size': 4, 'd_c': 0.0003, 'epochs': 200, 'l_r': 0.1, 'n_layer': 2, 'n_neur': 4, 'reg': -4}",-1.5063778351814974,-2.628595171684754,-106.66694303726156,-4.6400493156342275,-112.00274392478168,-45.48894185690874,52.16692624968228,208
51,5.879302597045898,0.10783886358798965,0.16423587799072265,0.05273616450411032,relu,4,0.0003,200,0.1,2,5,-3,"{'activ': 'relu', 'batch_size': 4, 'd_c': 0.0003, 'epochs': 200, 'l_r': 0.1, 'n_layer': 2, 'n_neur': 5, 'reg': -3}",-96.00903356820345,-3.1815024813016257,-106.67549569594364,-1.204394675436474,-112.00817906390876,-63.81572109695878,50.581754249604565,215
52,8.476560401916505,2.2103054962197772,0.20804824829101562,0.1265618340442377,relu,4,0.0003,200,0.1,2,5,-3.5,"{'activ': 'relu', 'batch_size': 4, 'd_c': 0.0003, 'epochs': 200, 'l_r': 0.1, 'n_layer': 2, 'n_neur': 5, 'reg': -3.5}",-4.281543184603963,-85.33743197175984,-1.4662470727094583,-1.3889744168236142,-112.00528835318983,-40.89589699981734,47.932662558985896,203
53,8.171587991714478,2.1238387025204815,0.26575236320495604,0.10171960941643055,relu,4,0.0003,200,0.1,2,5,-4,"{'activ': 'relu', 'batch_size': 4, 'd_c': 0.0003, 'epochs': 200, 'l_r': 0.1, 'n_layer': 2, 'n_neur': 5, 'reg': -4}",-5.364577236496622,-0.4297916945957002,-106.67502110016842,-2.5204733305034184,-2.6978244664147497,-23.53753756563578,41.59826007404936,167
54,13.587109422683715,1.5877813762412467,0.1929624557495117,0.06849059228001528,relu,4,0.0003,400,0.01,2,4,-3,"{'activ': 'relu', 'batch_size': 4, 'd_c': 0.0003, 'epochs': 400, 'l_r': 0.01, 'n_layer': 2, 'n_neur': 4, 'reg': -3}",-95.3226576646169,-1.3326228445484525,-6.164735004505409,-3.560759609154913,-1.4869636152521708,-21.573547747615567,36.916091784644166,145
55,12.510770463943482,4.546312954085212,0.09592032432556152,0.014425461145773331,relu,4,0.0003,400,0.01,2,4,-3.5,"{'activ': 'relu', 'batch_size': 4, 'd_c': 0.0003, 'epochs': 400, 'l_r': 0.01, 'n_layer': 2, 'n_neur': 4, 'reg': -3.5}",-0.6156218802234867,-2.000882321746931,-1.1572678341652223,-1.168868037716796,-1.6457327681826428,-1.3176745684070157,0.4722598220504675,5
56,10.645945692062378,0.3729644429863769,0.13289980888366698,0.028516812917387717,relu,4,0.0003,400,0.01,2,4,-4,"{'activ': 'relu', 'batch_size': 4, 'd_c': 0.0003, 'epochs': 400, 'l_r': 0.01, 'n_layer': 2, 'n_neur': 4, 'reg': -4}",-2.130657985888926,-1.7605724000549388,-1.2872238718957218,-1.226149700936817,-2.655371131002903,-1.8119950179558615,0.5355507692147303,28
57,13.026848745346069,4.081667655666942,0.1203223705291748,0.03293265844099482,relu,4,0.0003,400,0.01,2,5,-3,"{'activ': 'relu', 'batch_size': 4, 'd_c': 0.0003, 'epochs': 400, 'l_r': 0.01, 'n_layer': 2, 'n_neur': 5, 'reg': -3}",-2.179188982361839,-2.1221350800423395,-30.081832885742188,-1.9815647054818415,-1.9486818874254823,-7.662680708210738,11.209902526650088,89
58,9.851168012619018,1.2942981784843142,0.12629961967468262,0.02423676126406052,relu,4,0.0003,400,0.01,2,5,-3.5,"{'activ': 'relu', 'batch_size': 4, 'd_c': 0.0003, 'epochs': 400, 'l_r': 0.01, 'n_layer': 2, 'n_neur': 5, 'reg': -3.5}",-2.324649745509738,-7.8777712640308195,-1.1249219315414805,-1.3264443896533478,-1.5029580019006972,-2.831349066527217,2.55594896942207,63
59,13.31746244430542,3.9358054706291252,0.14729890823364258,0.04682556425032914,relu,4,0.0003,400,0.01,2,5,-4,"{'activ': 'relu', 'batch_size': 4, 'd_c': 0.0003, 'epochs': 400, 'l_r': 0.01, 'n_layer': 2, 'n_neur': 5, 'reg': -4}",-0.9299161834475983,-0.6480319507952247,-1.5594826527272485,-1.2461518996860832,-2.064571401546709,-1.2896308176405729,0.49321132626506936,3
60,9.965198230743407,0.6484434590487977,0.13068394660949706,0.026630694486331034,relu,4,0.0003,400,0.03,2,4,-3,"{'activ': 'relu', 'batch_size': 4, 'd_c': 0.0003, 'epochs': 400, 'l_r': 0.03, 'n_layer': 2, 'n_neur': 4, 'reg': -3}",-1.7205938271113805,-1.9863745347995843,-1.3939451231576858,-1.2170956803574449,-1.2250309584429488,-1.508608024773809,0.30058003892403895,12
61,11.169325637817384,0.09952976827603918,0.14200935363769532,0.023103006400774933,relu,4,0.0003,400,0.03,2,4,-3.5,"{'activ': 'relu', 'batch_size': 4, 'd_c': 0.0003, 'epochs': 400, 'l_r': 0.03, 'n_layer': 2, 'n_neur': 4, 'reg': -3.5}",-96.00164562647808,-1.3734388512204445,-2.7509833762776994,-3.2670810060309514,-1.718032465374563,-21.022236265076348,37.4959293063529,138
62,14.771996355056762,5.354435632455017,0.1066056251525879,0.029735540362094477,relu,4,0.0003,400,0.03,2,4,-4,"{'activ': 'relu', 'batch_size': 4, 'd_c': 0.0003, 'epochs': 400, 'l_r': 0.03, 'n_layer': 2, 'n_neur': 4, 'reg': -4}",-96.0009126248326,-0.8302516014803023,-0.20415670930274896,-2.558941228049142,-1.6214850882068277,-20.24314945037432,37.887090461616054,132
63,8.704037809371949,1.987715252608884,0.09867324829101562,0.023985986314076547,relu,4,0.0003,400,0.03,2,5,-3,"{'activ': 'relu', 'batch_size': 4, 'd_c': 0.0003, 'epochs': 400, 'l_r': 0.03, 'n_layer': 2, 'n_neur': 5, 'reg': -3}",-1.269190863323664,-1.6709159328823997,-106.66727095077901,-1.5772143496821325,-1.4072925476473757,-22.518376928862917,42.074674276711846,152
64,12.300381135940551,4.492702664154789,0.11108188629150391,0.011437456648699055,relu,4,0.0003,400,0.03,2,5,-3.5,"{'activ': 'relu', 'batch_size': 4, 'd_c': 0.0003, 'epochs': 400, 'l_r': 0.03, 'n_layer': 2, 'n_neur': 5, 'reg': -3.5}",-96.00074029606324,-0.9146251054037184,-1.546557210740589,-1.301162837516694,-1.5577921624295414,-20.264175522430754,37.869001066342804,133
65,11.050715255737305,0.2599231253617041,0.14130897521972657,0.016424234635422256,relu,4,0.0003,400,0.03,2,5,-4,"{'activ': 'relu', 'batch_size': 4, 'd_c': 0.0003, 'epochs': 400, 'l_r': 0.03, 'n_layer': 2, 'n_neur': 5, 'reg': -4}",-1.2836115223111673,-1.47818758875309,-3.1368453162057057,-2.2079261115619113,-1.103789553057868,-1.8420720183779487,0.7482831165617577,32
66,13.007209873199463,4.1113706395082215,0.12549810409545897,0.028338981982620536,relu,4,0.0003,400,0.1,2,4,-3,"{'activ': 'relu', 'batch_size': 4, 'd_c': 0.0003, 'epochs': 400, 'l_r': 0.1, 'n_layer': 2, 'n_neur': 4, 'reg': -3}",-96.00257462085713,-1.847984988064993,-2.824400919644783,-74.67063000434567,-13.128579969704152,-37.69483410052335,39.67731500704442,195
67,10.041560935974122,0.8538595870306765,0.10781383514404297,0.015932612115356046,relu,4,0.0003,400,0.1,2,4,-3.5,"{'activ': 'relu', 'batch_size': 4, 'd_c': 0.0003, 'epochs': 400, 'l_r': 0.1, 'n_layer': 2, 'n_neur': 4, 'reg': -3.5}",-0.7041137528250969,-1.6927617092927296,-2.2515830709377216,-39.43022010439918,-1.5447174344211816,-9.124679214375181,15.160873327839768,93
68,11.215624952316285,0.20580304348451667,0.18164095878601075,0.060461302855796366,relu,4,0.0003,400,0.1,2,4,-4,"{'activ': 'relu', 'batch_size': 4, 'd_c': 0.0003, 'epochs': 400, 'l_r': 0.1, 'n_layer': 2, 'n_neur': 4, 'reg': -4}",-96.00042355541761,-2.224637565313883,-2.637877230488119,-74.67576084489978,-1.3891874592751265,-35.385577331078906,41.341728110209814,192
69,13.277369165420533,4.266265641624276,0.11042885780334473,0.0168038768026766,relu,4,0.0003,400,0.1,2,5,-3,"{'activ': 'relu', 'batch_size': 4, 'd_c': 0.0003, 'epochs': 400, 'l_r': 0.1, 'n_layer': 2, 'n_neur': 5, 'reg': -3}",-0.7252288058932338,-2.0977823450451805,-1.754741079484423,-74.66709020666201,-1.003234133962542,-16.049615314209476,29.312918120961356,101
70,10.077000141143799,0.7519623362724936,0.11488370895385742,0.023800238511833143,relu,4,0.0003,400,0.1,2,5,-3.5,"{'activ': 'relu', 'batch_size': 4, 'd_c': 0.0003, 'epochs': 400, 'l_r': 0.1, 'n_layer': 2, 'n_neur': 5, 'reg': -3.5}",-1.2663215379718513,-3.6043034192795553,-7.059567964147954,-1.3892385771586782,-1.4691763136535883,-2.9577215624423254,2.226205375807499,65
71,10.926648283004761,0.25743564929818485,0.10573654174804688,0.02675262897875888,relu,4,0.0003,400,0.1,2,5,-4,"{'activ': 'relu', 'batch_size': 4, 'd_c': 0.0003, 'epochs': 400, 'l_r': 0.1, 'n_layer': 2, 'n_neur': 5, 'reg': -4}",-1.841438595294243,-85.33849792333231,-106.67184941284359,-74.68004659510085,-112.00417831204831,-76.10720216772386,39.56121279960158,216
72,6.243925523757935,2.389326529789022,0.13257761001586915,0.028435687162653493,relu,4,0.001,200,0.01,2,4,-3,"{'activ': 'relu', 'batch_size': 4, 'd_c': 0.001, 'epochs': 200, 'l_r': 0.01, 'n_layer': 2, 'n_neur': 4, 'reg': -3}",-96.00008912174962,-8.952408018566313,-5.698465358643305,-2.74275430556043,-110.56748893260956,-44.79224114742585,48.02000250553113,206
73,6.718355989456176,2.2101698382077983,0.09629878997802735,0.00851741962257852,relu,4,0.001,200,0.01,2,4,-3.5,"{'activ': 'relu', 'batch_size': 4, 'd_c': 0.001, 'epochs': 200, 'l_r': 0.01, 'n_layer': 2, 'n_neur': 4, 'reg': -3.5}",-4.148555484556017,-2.289823530670089,-105.35748487427121,-46.50148398368176,-11.02306653073174,-33.86408288078216,39.173125698839684,190
74,6.762887001037598,2.12276593043688,0.14889178276062012,0.03843273293334714,relu,4,0.001,200,0.01,2,4,-4,"{'activ': 'relu', 'batch_size': 4, 'd_c': 0.001, 'epochs': 200, 'l_r': 0.01, 'n_layer': 2, 'n_neur': 4, 'reg': -4}",-2.807857316464097,-83.76442423320952,-2.6100024706600897,-9.020421641213554,-1.002426060847938,-19.84102634447904,32.07870376218078,129
75,7.5165938377380375,1.8795813223224598,0.13879017829895018,0.03969198720127218,relu,4,0.001,200,0.01,2,5,-3,"{'activ': 'relu', 'batch_size': 4, 'd_c': 0.001, 'epochs': 200, 'l_r': 0.01, 'n_layer': 2, 'n_neur': 5, 'reg': -3}",-7.457853674888611,-2.9286287483714877,-2.5143512495394265,-22.51096971829732,-4.077468480775133,-7.897854374374395,7.51009185381361,90
76,7.998262977600097,1.9267475295056524,0.20364084243774414,0.09931132149223908,relu,4,0.001,200,0.01,2,5,-3.5,"{'activ': 'relu', 'batch_size': 4, 'd_c': 0.001, 'epochs': 200, 'l_r': 0.01, 'n_layer': 2, 'n_neur': 5, 'reg': -3.5}",-4.982191173803239,-1.4362425843774829,-1.658350910459246,-33.91522967509393,-2.737764972448349,-8.945955863236449,12.547690455375344,92
77,6.837121391296387,0.5144429405533921,0.22066378593444824,0.09508599615983555,relu,4,0.001,200,0.01,2,5,-4,"{'activ': 'relu', 'batch_size': 4, 'd_c': 0.001, 'epochs': 200, 'l_r': 0.01, 'n_layer': 2, 'n_neur': 5, 'reg': -4}",-45.233922153955234,-2.6387700012751987,-2.978435496500294,-30.54193905421666,-3.1054591059684755,-16.899705162383174,17.75610116624396,106
78,7.126126956939697,2.3901204014079616,0.12104744911193847,0.023892264291615232,relu,4,0.001,200,0.03,2,4,-3,"{'activ': 'relu', 'batch_size': 4, 'd_c': 0.001, 'epochs': 200, 'l_r': 0.03, 'n_layer': 2, 'n_neur': 4, 'reg': -3}",-3.186584319985871,-2.206195620891993,-2.7596246046069566,-21.388691947573708,-112.0011424953118,-28.308447797674063,42.4677009658388,183
79,6.257022094726563,0.4363658222285325,0.14063377380371095,0.03014810410132436,relu,4,0.001,200,0.03,2,4,-3.5,"{'activ': 'relu', 'batch_size': 4, 'd_c': 0.001, 'epochs': 200, 'l_r': 0.03, 'n_layer': 2, 'n_neur': 4, 'reg': -3.5}",-0.9490461897637162,-3.1003046077010885,-1.3929374927566165,-1.086896198136466,-1.4710996504523792,-1.6000568277620535,0.7742635799660873,19
80,6.952154874801636,2.153874914346982,0.12237334251403809,0.01716578317448319,relu,4,0.001,200,0.03,2,4,-4,"{'activ': 'relu', 'batch_size': 4, 'd_c': 0.001, 'epochs': 200, 'l_r': 0.03, 'n_layer': 2, 'n_neur': 4, 'reg': -4}",-91.11134206681024,-85.33371502514153,-1.2293306617509752,-1.0430998672797744,-1.4161247531010304,-36.02672247481671,42.657005596608485,193
81,6.5076697826385494,0.6673700405487917,0.18050832748413087,0.062352135040870345,relu,4,0.001,200,0.03,2,5,-3,"{'activ': 'relu', 'batch_size': 4, 'd_c': 0.001, 'epochs': 200, 'l_r': 0.03, 'n_layer': 2, 'n_neur': 5, 'reg': -3}",-1.9223997049876267,-1.5773622842416877,-1.2249526794268084,-1.182325835472771,-1.5669385609158781,-1.4947958130089543,0.27030341850801315,11
82,7.5711695671081545,1.7741469667476233,0.1723410129547119,0.07683341439346197,relu,4,0.001,200,0.03,2,5,-3.5,"{'activ': 'relu', 'batch_size': 4, 'd_c': 0.001, 'epochs': 200, 'l_r': 0.03, 'n_layer': 2, 'n_neur': 5, 'reg': -3.5}",-2.4267068026321277,-1.4910526965700446,-1.5853154442406125,-1.4736252686097508,-112.000323705934,-23.795404783597306,44.10388419787467,171
83,8.77563214302063,2.0542279457007018,0.12793464660644532,0.013169772784408097,relu,4,0.001,200,0.03,2,5,-4,"{'activ': 'relu', 'batch_size': 4, 'd_c': 0.001, 'epochs': 200, 'l_r': 0.03, 'n_layer': 2, 'n_neur': 5, 'reg': -4}",-1.3512722858216701,-1.7827506603761798,-1.9865718326930488,-2.8239172862044404,-110.49703192710876,-23.688308798440822,43.40700245177573,168
84,6.058813524246216,0.1878810777840682,0.16595163345336914,0.06769082327992575,relu,4,0.001,200,0.1,2,4,-3,"{'activ': 'relu', 'batch_size': 4, 'd_c': 0.001, 'epochs': 200, 'l_r': 0.1, 'n_layer': 2, 'n_neur': 4, 'reg': -3}",-96.00542366877198,-1.0792320668697357,-1.1981608360296203,-2.6580232850142886,-103.0267391204834,-40.793515795433805,48.00137729666899,202
85,7.129865264892578,1.9359519751611218,0.13865671157836915,0.0358857291759328,relu,4,0.001,200,0.1,2,4,-3.5,"{'activ': 'relu', 'batch_size': 4, 'd_c': 0.001, 'epochs': 200, 'l_r': 0.1, 'n_layer': 2, 'n_neur': 4, 'reg': -3.5}",-4.6559135330663555,-85.33711526445335,-2.0314619684414494,-63.89244152250744,-1.4466761418851093,-31.47272168607074,35.8884480415005,187
86,5.642529487609863,0.3590261770157061,0.16891961097717284,0.050946669924370046,relu,4,0.001,200,0.1,2,4,-4,"{'activ': 'relu', 'batch_size': 4, 'd_c': 0.001, 'epochs': 200, 'l_r': 0.1, 'n_layer': 2, 'n_neur': 4, 'reg': -4}",-4.016216025820801,-4.017389062969458,-1.53431386398595,-1.6544879089508737,-2.628294037748128,-2.770140179895042,1.0863150363433487,61
87,6.344317388534546,0.2086185877663977,0.12987971305847168,0.035862923541802566,relu,4,0.001,200,0.1,2,5,-3,"{'activ': 'relu', 'batch_size': 4, 'd_c': 0.001, 'epochs': 200, 'l_r': 0.1, 'n_layer': 2, 'n_neur': 5, 'reg': -3}",-1.229618863490898,-85.33512779624046,-106.66842690296471,-1.6949401746193569,-1.3564333903603256,-39.25690942553515,46.820801663401575,199
88,7.1077587604522705,1.9613591916165396,0.1229792594909668,0.035983260435099,relu,4,0.001,200,0.1,2,5,-3.5,"{'activ': 'relu', 'batch_size': 4, 'd_c': 0.001, 'epochs': 200, 'l_r': 0.1, 'n_layer': 2, 'n_neur': 5, 'reg': -3.5}",-1.7747427759958165,-1.8957241664064073,-1.2050882055468501,-74.67484204599722,-2.8312262078747152,-16.476324680364204,29.103942073850043,104
89,5.698894262313843,0.36394096368906725,0.15890631675720215,0.03627873517509074,relu,4,0.001,200,0.1,2,5,-4,"{'activ': 'relu', 'batch_size': 4, 'd_c': 0.001, 'epochs': 200, 'l_r': 0.1, 'n_layer': 2, 'n_neur': 5, 'reg': -4}",-96.00047443434596,-0.8768147166286197,-5.802995673713407,-1.264042847213291,-3.4904621380846947,-21.486957961997195,37.29844225275304,143
90,13.48795657157898,4.015478097204668,0.1321138858795166,0.04552387314817735,relu,4,0.001,400,0.01,2,4,-3,"{'activ': 'relu', 'batch_size': 4, 'd_c': 0.001, 'epochs': 400, 'l_r': 0.01, 'n_layer': 2, 'n_neur': 4, 'reg': -3}",-1.1162081793793601,-1.6913491919459331,-1.3911583480380831,-1.4668698701564045,-1.9784516662883107,-1.5288074511616183,0.290386444690807,16
91,12.713226938247681,4.447388075105775,0.1455070972442627,0.03210622166890728,relu,4,0.001,400,0.01,2,4,-3.5,"{'activ': 'relu', 'batch_size': 4, 'd_c': 0.001, 'epochs': 400, 'l_r': 0.01, 'n_layer': 2, 'n_neur': 4, 'reg': -3.5}",-1.9987014929453533,-3.069765547456752,-1.0850892774566698,-2.3448349481359836,-110.31476635932923,-23.762631525064798,43.28077709510698,170
92,10.601746797561646,1.238871377695936,0.1189389705657959,0.0396207384588418,relu,4,0.001,400,0.01,2,4,-4,"{'activ': 'relu', 'batch_size': 4, 'd_c': 0.001, 'epochs': 400, 'l_r': 0.01, 'n_layer': 2, 'n_neur': 4, 'reg': -4}",-5.308035337838755,-1.2305723602573078,-1.3193261574876185,-74.66667175639304,-5.341563600301742,-17.573233842455693,28.604131182248015,112
93,13.893243646621704,3.756301446802303,0.13585662841796875,0.02535007631410592,relu,4,0.001,400,0.01,2,5,-3,"{'activ': 'relu', 'batch_size': 4, 'd_c': 0.001, 'epochs': 400, 'l_r': 0.01, 'n_layer': 2, 'n_neur': 5, 'reg': -3}",-4.463744765236264,-2.486537371362959,-1.3175431225293626,-5.695531840591381,-1.2639485934050754,-3.045461138625009,1.761038703019808,66
94,10.377886486053466,0.8769218081375032,0.19669413566589355,0.14419687001755122,relu,4,0.001,400,0.01,2,5,-3.5,"{'activ': 'relu', 'batch_size': 4, 'd_c': 0.001, 'epochs': 400, 'l_r': 0.01, 'n_layer': 2, 'n_neur': 5, 'reg': -3.5}",-1.1791286246318902,-85.33357011442006,-1.4173538769994463,-4.156081621670247,-1.6684238374233247,-18.75091161502899,33.30852937423938,122
95,16.106476831436158,4.570962577318876,0.09955687522888183,0.03499316531099849,relu,4,0.001,400,0.01,2,5,-4,"{'activ': 'relu', 'batch_size': 4, 'd_c': 0.001, 'epochs': 400, 'l_r': 0.01, 'n_layer': 2, 'n_neur': 5, 'reg': -4}",-11.613069870010284,-1.472511372772888,-1.270917866561961,-7.162133718197722,-1.4885361597145674,-4.601433797451484,4.154343464537114,83
96,9.787492895126343,2.0081145267730505,0.11952238082885742,0.030042640077794946,relu,4,0.001,400,0.03,2,4,-3,"{'activ': 'relu', 'batch_size': 4, 'd_c': 0.001, 'epochs': 400, 'l_r': 0.03, 'n_layer': 2, 'n_neur': 4, 'reg': -3}",-0.7616007817753901,-0.7812918690698487,-1.276081268209964,-1.378739154498492,-112.0001165843103,-23.239565931572802,44.380984101874546,161
97,12.00477056503296,0.28171031026241217,0.1639878749847412,0.04077799697702528,relu,4,0.001,400,0.03,2,4,-3.5,"{'activ': 'relu', 'batch_size': 4, 'd_c': 0.001, 'epochs': 400, 'l_r': 0.03, 'n_layer': 2, 'n_neur': 4, 'reg': -3.5}",-96.00021302085952,-1.2324985276818985,-1.2469692262654593,-1.170131643967969,-105.52513389587402,-41.03498926292978,48.86038529869559,204
98,12.855052709579468,4.399767179024354,0.10466623306274414,0.02452315110769173,relu,4,0.001,400,0.03,2,4,-4,"{'activ': 'relu', 'batch_size': 4, 'd_c': 0.001, 'epochs': 400, 'l_r': 0.03, 'n_layer': 2, 'n_neur': 4, 'reg': -4}",-2.9415159542113543,-85.33413547890571,-2.292185891242254,-1.7081085940202076,-2.3540531527251005,-18.925999814220923,33.20636434955351,123
99,12.766794633865356,4.291767444533159,0.1350234031677246,0.03178799959203838,relu,4,0.001,400,0.03,2,5,-3,"{'activ': 'relu', 'batch_size': 4, 'd_c': 0.001, 'epochs': 400, 'l_r': 0.03, 'n_layer': 2, 'n_neur': 5, 'reg': -3}",-1.1148070661223581,-1.1527465128650267,-1.1314970409896756,-1.330693696071172,-1.5937688724545296,-1.2647026377005524,0.18187137977267134,2
100,10.513641214370727,0.6382600763488089,0.13085103034973145,0.009033023735388359,relu,4,0.001,400,0.03,2,5,-3.5,"{'activ': 'relu', 'batch_size': 4, 'd_c': 0.001, 'epochs': 400, 'l_r': 0.03, 'n_layer': 2, 'n_neur': 5, 'reg': -3.5}",-1.6887613594964412,-1.267385252884456,-1.2660676349907936,-0.7588808422109911,-1.8867642591241747,-1.3735718697413715,0.39073998013709105,7
101,11.421385192871094,0.18929498105443285,0.1481494426727295,0.030463041174869726,relu,4,0.001,400,0.03,2,5,-4,"{'activ': 'relu', 'batch_size': 4, 'd_c': 0.001, 'epochs': 400, 'l_r': 0.03, 'n_layer': 2, 'n_neur': 5, 'reg': -4}",-1.1915612604214056,-79.50990349905831,-1.0346710970348103,-1.2918635003845251,-1.8056402081099805,-16.966727913001808,31.272656057461887,108
102,12.540805196762085,4.464108756128747,0.11385302543640137,0.0231640600488311,relu,4,0.001,400,0.1,2,4,-3,"{'activ': 'relu', 'batch_size': 4, 'd_c': 0.001, 'epochs': 400, 'l_r': 0.1, 'n_layer': 2, 'n_neur': 4, 'reg': -3}",-96.00020564647414,-69.05257379441034,-2.1247395811341923,-1.7147661663946652,-1.3307563808804843,-34.04460831385876,40.49283025281342,191
103,10.932847023010254,0.4815420738471804,0.14364056587219237,0.011273747907535952,relu,4,0.001,400,0.1,2,4,-3.5,"{'activ': 'relu', 'batch_size': 4, 'd_c': 0.001, 'epochs': 400, 'l_r': 0.1, 'n_layer': 2, 'n_neur': 4, 'reg': -3.5}",-1.7227716859696167,-1.7621325311206637,-1.261880874633789,-1.7892978592842286,-102.51062412261963,-21.809341414725587,40.35110451226559,147
104,12.963878059387207,4.236992139659207,0.1126093864440918,0.0371223137702181,relu,4,0.001,400,0.1,2,4,-4,"{'activ': 'relu', 'batch_size': 4, 'd_c': 0.001, 'epochs': 400, 'l_r': 0.1, 'n_layer': 2, 'n_neur': 4, 'reg': -4}",-2.2566139078699052,-1.6584006543492986,-1.1585317048288526,-1.2875715660906972,-2.033406286383979,-1.6789048239045468,0.4204210735186969,21
105,12.666741418838502,4.227538069512512,0.11472296714782715,0.02643833077606724,relu,4,0.001,400,0.1,2,5,-3,"{'activ': 'relu', 'batch_size': 4, 'd_c': 0.001, 'epochs': 400, 'l_r': 0.1, 'n_layer': 2, 'n_neur': 5, 'reg': -3}",-0.8396145630450476,-1.4764964022185831,-1.4659030228808878,-0.8109327633643434,-1.9661501133581623,-1.311819372973405,0.4365486894144639,4
106,10.418191385269164,0.8885819227846603,0.11850619316101074,0.02966902840404302,relu,4,0.001,400,0.1,2,5,-3.5,"{'activ': 'relu', 'batch_size': 4, 'd_c': 0.001, 'epochs': 400, 'l_r': 0.1, 'n_layer': 2, 'n_neur': 5, 'reg': -3.5}",-1.7727204533293843,-85.33382946062677,-1.6174791394954635,-1.4698727528254192,-1.0365831694100052,-18.24609699513741,33.544764061726475,118
107,13.456109619140625,3.843846975973995,0.13257899284362792,0.03590023502692489,relu,4,0.001,400,0.1,2,5,-4,"{'activ': 'relu', 'batch_size': 4, 'd_c': 0.001, 'epochs': 400, 'l_r': 0.1, 'n_layer': 2, 'n_neur': 5, 'reg': -4}",-1.2648258394495184,-1.8195619235436122,-106.66896203532815,-1.2284536482322783,-1.4608657574513928,-22.48853384080099,42.0907365278274,151
108,3.37868185043335,0.3220828592568406,0.12150907516479492,0.03362006567993469,relu,8,0.0001,200,0.01,2,4,-3,"{'activ': 'relu', 'batch_size': 8, 'd_c': 0.0001, 'epochs': 200, 'l_r': 0.01, 'n_layer': 2, 'n_neur': 4, 'reg': -3}",-1.1408555357096095,-2.4077069336531816,-106.66673115828114,-1.296481319326198,-3.8893957495689393,-23.080234139307812,41.80481398955513,159
109,2.944883394241333,0.07017495634202767,0.09394946098327636,0.009362055143020395,relu,8,0.0001,200,0.01,2,4,-3.5,"{'activ': 'relu', 'batch_size': 8, 'd_c': 0.0001, 'epochs': 200, 'l_r': 0.01, 'n_layer': 2, 'n_neur': 4, 'reg': -3.5}",-2.9477362717679214,-6.075616018109334,-4.016809015401772,-4.375724479822176,-3.8274225115776064,-4.248661659335761,1.0273764764207374,81
110,3.406931686401367,0.3491868036442227,0.13255925178527833,0.0196986335184511,relu,8,0.0001,200,0.01,2,4,-4,"{'activ': 'relu', 'batch_size': 8, 'd_c': 0.0001, 'epochs': 200, 'l_r': 0.01, 'n_layer': 2, 'n_neur': 4, 'reg': -4}",-1.3160990887388055,-1.4522524083343644,-106.66747849077608,-22.000418177672795,-14.460665974463335,-29.179382827997074,39.541723459536996,184
111,4.393846225738526,1.436674187581007,0.11504030227661133,0.02086794464432067,relu,8,0.0001,200,0.01,2,5,-3,"{'activ': 'relu', 'batch_size': 8, 'd_c': 0.0001, 'epochs': 200, 'l_r': 0.01, 'n_layer': 2, 'n_neur': 5, 'reg': -3}",-0.8467015352854061,-1.1460149742308117,-2.148954084941319,-3.498145361741384,-2.04832079783082,-1.9376273508059483,0.9283208260019329,37
112,4.209549140930176,0.8725043069576274,0.12764902114868165,0.02854015100223484,relu,8,0.0001,200,0.01,2,5,-3.5,"{'activ': 'relu', 'batch_size': 8, 'd_c': 0.0001, 'epochs': 200, 'l_r': 0.01, 'n_layer': 2, 'n_neur': 5, 'reg': -3.5}",-2.4847196283794584,-40.577270802997404,-2.6348852557019287,-1.2180194102582478,-1.492509227991104,-9.68148086506563,15.45760106962526,94
113,3.654164171218872,1.3350829107558821,0.10924501419067383,0.02928848290582227,relu,8,0.0001,200,0.01,2,5,-4,"{'activ': 'relu', 'batch_size': 8, 'd_c': 0.0001, 'epochs': 200, 'l_r': 0.01, 'n_layer': 2, 'n_neur': 5, 'reg': -4}",-1.0864895697477983,-2.2567366757984493,-1.769627463224987,-2.4360353213380135,-2.6735002130270002,-2.04447784862725,0.5634402321256394,45
114,4.268063688278199,1.234238640739992,0.11095604896545411,0.008072342151757077,relu,8,0.0001,200,0.03,2,4,-3,"{'activ': 'relu', 'batch_size': 8, 'd_c': 0.0001, 'epochs': 200, 'l_r': 0.03, 'n_layer': 2, 'n_neur': 4, 'reg': -3}",-8.654241749573321,-1.651581463359651,-1.5526371555114609,-2.0836176208796955,-1.7638060458004474,-3.141176807024915,2.762311322756079,71
115,3.8241483688354494,0.9056234566493551,0.10349678993225098,0.012580978381064784,relu,8,0.0001,200,0.03,2,4,-3.5,"{'activ': 'relu', 'batch_size': 8, 'd_c': 0.0001, 'epochs': 200, 'l_r': 0.03, 'n_layer': 2, 'n_neur': 4, 'reg': -3.5}",-1.8779388356820814,-1.6153428689354943,-106.66712680195148,-3.598584844952538,-3.5251796543598175,-23.456834601176283,41.61315461241916,165
116,4.057031583786011,1.4970750596677216,0.09840989112854004,0.01710496513877147,relu,8,0.0001,200,0.03,2,4,-4,"{'activ': 'relu', 'batch_size': 8, 'd_c': 0.0001, 'epochs': 200, 'l_r': 0.03, 'n_layer': 2, 'n_neur': 4, 'reg': -4}",-1.8997691566834138,-1.3709320754888246,-106.66849464147042,-3.0885969397744963,-3.7472663978813214,-23.355011842259692,41.66522500223493,164
117,3.294299602508545,0.09244272034059754,0.12158703804016113,0.03513171056294195,relu,8,0.0001,200,0.03,2,5,-3,"{'activ': 'relu', 'batch_size': 8, 'd_c': 0.0001, 'epochs': 200, 'l_r': 0.03, 'n_layer': 2, 'n_neur': 5, 'reg': -3}",-5.003313008440836,-2.834211864730432,-1.5499109028882923,-1.9564003204660756,-1.8737951857037842,-2.6435262564458837,1.2542389749004403,59
118,3.6449602127075194,0.08385028826854614,0.1468580722808838,0.01571685762697024,relu,8,0.0001,200,0.03,2,5,-3.5,"{'activ': 'relu', 'batch_size': 8, 'd_c': 0.0001, 'epochs': 200, 'l_r': 0.03, 'n_layer': 2, 'n_neur': 5, 'reg': -3.5}",-1.0377896523457908,-1.44772095911737,-2.50273544995469,-3.2817752386132875,-2.5956099539995194,-2.1731262508061313,0.8162645785291358,49
119,4.595585775375366,1.1524502117881712,0.11709127426147461,0.01541210094488716,relu,8,0.0001,200,0.03,2,5,-4,"{'activ': 'relu', 'batch_size': 8, 'd_c': 0.0001, 'epochs': 200, 'l_r': 0.03, 'n_layer': 2, 'n_neur': 5, 'reg': -4}",-1.4473624669370198,-1.2864444979599543,-2.6633895333590254,-1.4608626504029547,-2.9632813441567123,-1.9642680985631333,0.7024032397763101,40
120,3.056185579299927,0.2800923295877228,0.10359315872192383,0.034857610177819257,relu,8,0.0001,200,0.1,2,4,-3,"{'activ': 'relu', 'batch_size': 8, 'd_c': 0.0001, 'epochs': 200, 'l_r': 0.1, 'n_layer': 2, 'n_neur': 4, 'reg': -3}",-5.255136946837108,-2.971046586831411,-1.7228987153087343,-74.0772937593006,-2.328116144798696,-17.27089843061531,28.428358639276322,109
121,3.8048227787017823,0.19208021945933115,0.16500930786132811,0.0390240056400811,relu,8,0.0001,200,0.1,2,4,-3.5,"{'activ': 'relu', 'batch_size': 8, 'd_c': 0.0001, 'epochs': 200, 'l_r': 0.1, 'n_layer': 2, 'n_neur': 4, 'reg': -3.5}",-5.557173494072187,-1.8457795268013364,-1.3390206570426624,-2.8865076785995845,-112.01709939539433,-24.72911615038202,43.668291954839745,176
122,3.6198850154876707,0.07953881272943425,0.1774062156677246,0.04096587974288607,relu,8,0.0001,200,0.1,2,4,-4,"{'activ': 'relu', 'batch_size': 8, 'd_c': 0.0001, 'epochs': 200, 'l_r': 0.1, 'n_layer': 2, 'n_neur': 4, 'reg': -4}",-96.01068908366419,-1.0071762236101287,-91.05601483299618,-2.3040015754245577,-4.426451801415533,-38.96086670342212,44.599149962601174,198
123,3.991507148742676,0.9820852116005822,0.12811155319213868,0.023220245995679005,relu,8,0.0001,200,0.1,2,5,-3,"{'activ': 'relu', 'batch_size': 8, 'd_c': 0.0001, 'epochs': 200, 'l_r': 0.1, 'n_layer': 2, 'n_neur': 5, 'reg': -3}",-9.318492988745371,-85.33849739593764,-13.082133577693076,-2.309594818523952,-5.021126438677311,-23.01396904391547,31.37823370264743,157
124,3.5707890510559084,0.2122649533061934,0.14362545013427735,0.019705350558117084,relu,8,0.0001,200,0.1,2,5,-3.5,"{'activ': 'relu', 'batch_size': 8, 'd_c': 0.0001, 'epochs': 200, 'l_r': 0.1, 'n_layer': 2, 'n_neur': 5, 'reg': -3.5}",-6.138917877028386,-3.0447595760758435,-2.4222422382306483,-1.4159953991572063,-3.906085729598999,-3.3856001640182165,1.5984515871357081,74
125,4.0308856010437015,0.16716944651558538,0.18769869804382325,0.048786740541091556,relu,8,0.0001,200,0.1,2,5,-4,"{'activ': 'relu', 'batch_size': 8, 'd_c': 0.0001, 'epochs': 200, 'l_r': 0.1, 'n_layer': 2, 'n_neur': 5, 'reg': -4}",-2.2818198108690835,-2.9513995458061495,-5.810596130433536,-3.7343751930055165,-1.4544796150177717,-3.2465340590264113,1.4860444387576874,73
126,6.703845119476318,0.07304388114215633,0.15492048263549804,0.020433725328979167,relu,8,0.0001,400,0.01,2,4,-3,"{'activ': 'relu', 'batch_size': 8, 'd_c': 0.0001, 'epochs': 400, 'l_r': 0.01, 'n_layer': 2, 'n_neur': 4, 'reg': -3}",-1.6319088654792202,-1.4207131067911785,-1.6866771550059119,-1.388050584022754,-1.1706810339586808,-1.4596061490515493,0.18512701455366526,9
127,7.856621932983399,1.5912695045408398,0.13808679580688477,0.03407132797500704,relu,8,0.0001,400,0.01,2,4,-3.5,"{'activ': 'relu', 'batch_size': 8, 'd_c': 0.0001, 'epochs': 400, 'l_r': 0.01, 'n_layer': 2, 'n_neur': 4, 'reg': -3.5}",-0.9515642637298221,-1.7256489548211296,-0.8344170018764479,-3.106526513894399,-1.6902330949436872,-1.6616779658530973,0.8100761917334425,20
128,6.443642282485962,2.3794485595264443,0.10252895355224609,0.029390675807934592,relu,8,0.0001,400,0.01,2,4,-4,"{'activ': 'relu', 'batch_size': 8, 'd_c': 0.0001, 'epochs': 400, 'l_r': 0.01, 'n_layer': 2, 'n_neur': 4, 'reg': -4}",-7.49115468774523,-1.730320205069369,-1.3147826194763184,-1.4389385437326772,-112.00017900364473,-24.795075011933665,43.66456681715346,177
129,6.966215896606445,2.0959446906633548,0.13125438690185548,0.032659574094444456,relu,8,0.0001,400,0.01,2,5,-3,"{'activ': 'relu', 'batch_size': 8, 'd_c': 0.0001, 'epochs': 400, 'l_r': 0.01, 'n_layer': 2, 'n_neur': 5, 'reg': -3}",-0.7931087444469865,-1.4670095415342421,-1.9400754767425714,-1.171783447265625,-4.957738922443241,-2.065943226486533,1.4937654384805628,46
130,6.5978046417236325,0.19134744584796226,0.16472415924072265,0.025912596599369626,relu,8,0.0001,400,0.01,2,5,-3.5,"{'activ': 'relu', 'batch_size': 8, 'd_c': 0.0001, 'epochs': 400, 'l_r': 0.01, 'n_layer': 2, 'n_neur': 5, 'reg': -3.5}",-1.9054328086120742,-1.8787290654893565,-1.07128137669393,-1.2852397892621368,-1.404714236035943,-1.5090794552186881,0.33057533716537674,13
131,6.800921964645386,0.042732909060965434,0.1478508949279785,0.02618905595441971,relu,8,0.0001,400,0.01,2,5,-4,"{'activ': 'relu', 'batch_size': 8, 'd_c': 0.0001, 'epochs': 400, 'l_r': 0.01, 'n_layer': 2, 'n_neur': 5, 'reg': -4}",-1.9680031274689274,-2.2226752678398043,-1.2896142250946945,-1.2870008957882721,-3.010704457573593,-1.9555995947530582,0.6442499929658522,39
132,8.486643981933593,2.2265183866966884,0.12612156867980956,0.02510592541261375,relu,8,0.0001,400,0.03,2,4,-3,"{'activ': 'relu', 'batch_size': 8, 'd_c': 0.0001, 'epochs': 400, 'l_r': 0.03, 'n_layer': 2, 'n_neur': 4, 'reg': -3}",-96.00594921782613,-1.7260318080938997,-1.425199974550023,-2.778147865973768,-0.881643871369306,-20.563394547562623,37.72633586998164,134
133,6.683103847503662,2.2659855411911596,0.14315328598022461,0.040890919917634806,relu,8,0.0001,400,0.03,2,4,-3.5,"{'activ': 'relu', 'batch_size': 8, 'd_c': 0.0001, 'epochs': 400, 'l_r': 0.03, 'n_layer': 2, 'n_neur': 4, 'reg': -3.5}",-6.773240099350612,-1.7019969654225169,-106.66844101094951,-1.49650025225821,-4.481961941439659,-24.224428053884104,41.26776661264979,172
134,6.077427577972412,0.3928504362245178,0.11209425926208497,0.015161649049011669,relu,8,0.0001,400,0.03,2,4,-4,"{'activ': 'relu', 'batch_size': 8, 'd_c': 0.0001, 'epochs': 400, 'l_r': 0.03, 'n_layer': 2, 'n_neur': 4, 'reg': -4}",-1.6740364806637877,-2.0070207888881364,-1.3227382495644546,-1.992552787763998,-4.270247795060277,-2.2533192203881307,1.039058454647626,53
135,7.1217704772949215,2.0173950069279707,0.11455974578857422,0.018328116338355016,relu,8,0.0001,400,0.03,2,5,-3,"{'activ': 'relu', 'batch_size': 8, 'd_c': 0.0001, 'epochs': 400, 'l_r': 0.03, 'n_layer': 2, 'n_neur': 5, 'reg': -3}",-1.9781106328148217,-3.306720190104984,-106.66681989862506,-1.2283630167089759,-3.272654533927562,-23.29053365443628,41.69564039856956,162
136,7.212940120697022,1.9469049561454481,0.12884106636047363,0.032683130400199205,relu,8,0.0001,400,0.03,2,5,-3.5,"{'activ': 'relu', 'batch_size': 8, 'd_c': 0.0001, 'epochs': 400, 'l_r': 0.03, 'n_layer': 2, 'n_neur': 5, 'reg': -3.5}",-80.45814150855655,-2.3161724428424524,-1.418171755492776,-1.2695940789722262,-2.0444584717508407,-17.50130765152297,31.48079170836008,111
137,7.3063243389129635,1.944781338105276,0.12391061782836914,0.031051783980708722,relu,8,0.0001,400,0.03,2,5,-4,"{'activ': 'relu', 'batch_size': 8, 'd_c': 0.0001, 'epochs': 400, 'l_r': 0.03, 'n_layer': 2, 'n_neur': 5, 'reg': -4}",-1.2667512975278354,-1.3955898980299632,-1.109530131886935,-1.38381846674851,-2.399512722250074,-1.5110405032886636,0.4560230185191636,14
138,6.582199907302856,2.4442254102816894,0.10700411796569824,0.012008162579559497,relu,8,0.0001,400,0.1,2,4,-3,"{'activ': 'relu', 'batch_size': 8, 'd_c': 0.0001, 'epochs': 400, 'l_r': 0.1, 'n_layer': 2, 'n_neur': 4, 'reg': -3}",-96.00092270357224,-1.4237631179747128,-1.9308833840436168,-1.6948205388727642,-112.00795618444681,-42.61166918578203,50.38217042422735,205
139,7.519173097610474,1.7476941028256552,0.14599499702453614,0.03017439005038917,relu,8,0.0001,400,0.1,2,4,-3.5,"{'activ': 'relu', 'batch_size': 8, 'd_c': 0.0001, 'epochs': 400, 'l_r': 0.1, 'n_layer': 2, 'n_neur': 4, 'reg': -3.5}",-0.9858015592076949,-85.34208020319541,-106.6684969138975,-2.9695072981218495,-1.466332789696753,-39.48644375282384,46.64221820671069,201
140,6.381862545013428,0.289107517313002,0.1076322078704834,0.015327557903550205,relu,8,0.0001,400,0.1,2,4,-4,"{'activ': 'relu', 'batch_size': 8, 'd_c': 0.0001, 'epochs': 400, 'l_r': 0.1, 'n_layer': 2, 'n_neur': 4, 'reg': -4}",-3.9462811560148285,-85.33977218806034,-13.966027474208246,-3.589387737569355,-3.918497046455741,-22.151993120461704,31.83766355394653,150
141,6.932008743286133,0.2256458097671579,0.127760648727417,0.01204495073866899,relu,8,0.0001,400,0.1,2,5,-3,"{'activ': 'relu', 'batch_size': 8, 'd_c': 0.0001, 'epochs': 400, 'l_r': 0.1, 'n_layer': 2, 'n_neur': 5, 'reg': -3}",-96.00306011554564,-85.33463812510793,-1.9387703600029151,-1.5831975411801111,-1.1375665235798806,-37.1994465330833,43.78847635214629,194
142,6.7767760276794435,0.06586271905439608,0.1613459587097168,0.04065051375192276,relu,8,0.0001,400,0.1,2,5,-3.5,"{'activ': 'relu', 'batch_size': 8, 'd_c': 0.0001, 'epochs': 400, 'l_r': 0.1, 'n_layer': 2, 'n_neur': 5, 'reg': -3.5}",-96.00066812416273,-2.8824890908740817,-6.122394108435228,-2.589903732140859,-6.701784354448319,-22.859447882012244,36.60811511341921,156
143,7.552561855316162,1.8439857130217194,0.09931421279907227,0.015159569933372906,relu,8,0.0001,400,0.1,2,5,-4,"{'activ': 'relu', 'batch_size': 8, 'd_c': 0.0001, 'epochs': 400, 'l_r': 0.1, 'n_layer': 2, 'n_neur': 5, 'reg': -4}",-1.7902396023273468,-1.3241573302518754,-9.078616925116096,-1.2165211737155914,-8.081054651737213,-4.298117936629625,3.5155060747090427,82
144,4.312177848815918,1.4531918920656894,0.10899672508239747,0.03964654224400082,relu,8,0.0003,200,0.01,2,4,-3,"{'activ': 'relu', 'batch_size': 8, 'd_c': 0.0003, 'epochs': 200, 'l_r': 0.01, 'n_layer': 2, 'n_neur': 4, 'reg': -3}",-1.324892857267211,-2.828052346539196,-2.937594233967719,-21.782884195513493,-1.8011210560798645,-6.1349089378734964,7.847741376921758,88
145,3.1286282539367676,0.4341261252503863,0.12480030059814454,0.043294829089297285,relu,8,0.0003,200,0.01,2,4,-3.5,"{'activ': 'relu', 'batch_size': 8, 'd_c': 0.0003, 'epochs': 200, 'l_r': 0.01, 'n_layer': 2, 'n_neur': 4, 'reg': -3.5}",-5.397674032620022,-11.241872251033783,-104.84624771844773,-2.3991775547509038,-1.8140365926316009,-25.139801629896805,39.993121631237806,179
146,4.0635621547698975,1.0776250507530267,0.11653203964233398,0.026748114198000446,relu,8,0.0003,200,0.01,2,4,-4,"{'activ': 'relu', 'batch_size': 8, 'd_c': 0.0003, 'epochs': 200, 'l_r': 0.01, 'n_layer': 2, 'n_neur': 4, 'reg': -4}",-1.9002605625400542,-1.7906234037751954,-11.86017021847268,-58.802269477663295,-1.7059266179800034,-15.211850056086245,22.14089488117519,98
147,4.390405464172363,1.1873029694431687,0.10104136466979981,0.021101871451450087,relu,8,0.0003,200,0.01,2,5,-3,"{'activ': 'relu', 'batch_size': 8, 'd_c': 0.0003, 'epochs': 200, 'l_r': 0.01, 'n_layer': 2, 'n_neur': 5, 'reg': -3}",-4.056615545636132,-85.33347339367278,-1.5735621476834196,-2.6577716725213185,-1.3708322831545956,-18.99845100853365,33.18123305948683,124
148,3.0617088317871093,0.49213992177719385,0.1339958667755127,0.03611849193761776,relu,8,0.0003,200,0.01,2,5,-3.5,"{'activ': 'relu', 'batch_size': 8, 'd_c': 0.0003, 'epochs': 200, 'l_r': 0.01, 'n_layer': 2, 'n_neur': 5, 'reg': -3.5}",-2.0638818513779413,-84.66018199920654,-1.1166035797047829,-6.19606351852417,-3.494874107837677,-19.506321011330222,32.622002940222224,127
149,3.7103357315063477,0.10463119909331373,0.17886714935302733,0.06360386636983525,relu,8,0.0003,200,0.01,2,5,-4,"{'activ': 'relu', 'batch_size': 8, 'd_c': 0.0003, 'epochs': 200, 'l_r': 0.01, 'n_layer': 2, 'n_neur': 5, 'reg': -4}",-1.907588891335763,-3.2407810432570323,-2.251745579309673,-7.396340370178223,-2.3884201779961587,-3.43697521241537,2.02772404764659,75
150,3.714833307266235,0.06779667536227969,0.1378927707672119,0.022485829425001356,relu,8,0.0003,200,0.03,2,4,-3,"{'activ': 'relu', 'batch_size': 8, 'd_c': 0.0003, 'epochs': 200, 'l_r': 0.03, 'n_layer': 2, 'n_neur': 4, 'reg': -3}",-1.301646915998953,-85.33570347035614,-1.1161460170433635,-1.2429359079493831,-1.6067429122980683,-18.120635044729184,33.60792107150336,117
151,4.1582857131958,0.8673752526156319,0.13524208068847657,0.013303588812804272,relu,8,0.0003,200,0.03,2,4,-3.5,"{'activ': 'relu', 'batch_size': 8, 'd_c': 0.0003, 'epochs': 200, 'l_r': 0.03, 'n_layer': 2, 'n_neur': 4, 'reg': -3.5}",-3.683999511102835,-85.33932453983773,-2.5468911557635736,-1.3779945915919685,-4.805628659855574,-19.550767691630337,32.91409779751911,128
152,4.10602068901062,0.9382343106354969,0.1310178279876709,0.029726646154485396,relu,8,0.0003,200,0.03,2,4,-4,"{'activ': 'relu', 'batch_size': 8, 'd_c': 0.0003, 'epochs': 200, 'l_r': 0.03, 'n_layer': 2, 'n_neur': 4, 'reg': -4}",-1.6369092405019772,-2.28373810755355,-3.1953924551073993,-2.3728475173314414,-2.250460526905954,-2.3478695694800646,0.4975911765507137,56
153,3.794868564605713,0.9105068177179583,0.10721421241760254,0.022456341371942072,relu,8,0.0003,200,0.03,2,5,-3,"{'activ': 'relu', 'batch_size': 8, 'd_c': 0.0003, 'epochs': 200, 'l_r': 0.03, 'n_layer': 2, 'n_neur': 5, 'reg': -3}",-1.4205919107161684,-1.8006888179197198,-2.4173421569257263,-1.2024878815836495,-1.825057352730073,-1.7332336239750674,0.41483060859694604,24
154,3.395229625701904,0.23091605994898154,0.12502689361572267,0.03932713149811432,relu,8,0.0003,200,0.03,2,5,-3.5,"{'activ': 'relu', 'batch_size': 8, 'd_c': 0.0003, 'epochs': 200, 'l_r': 0.03, 'n_layer': 2, 'n_neur': 5, 'reg': -3.5}",-88.33941822960263,-85.33509774863099,-99.73235093979608,-1.1003655322073471,-1.857349956408143,-55.27291648132903,44.185195747663855,213
155,3.677052545547485,0.09072511366158079,0.1417694568634033,0.026157188273751224,relu,8,0.0003,200,0.03,2,5,-4,"{'activ': 'relu', 'batch_size': 8, 'd_c': 0.0003, 'epochs': 200, 'l_r': 0.03, 'n_layer': 2, 'n_neur': 5, 'reg': -4}",-8.6902182539038,-2.6471409090528533,-1.3803711568581916,-1.522130217624917,-3.139334689453244,-3.4758390453786006,2.690638963832541,76
156,3.7000443935394287,0.05155658701372403,0.1431880474090576,0.02430274115458101,relu,8,0.0003,200,0.1,2,4,-3,"{'activ': 'relu', 'batch_size': 8, 'd_c': 0.0003, 'epochs': 200, 'l_r': 0.1, 'n_layer': 2, 'n_neur': 4, 'reg': -3}",-96.00419160173763,-1.7000194560913813,-92.22150039672852,-1.2964928863304002,-2.680076959077269,-38.780456259993045,45.1967803594963,197
157,4.1153883934021,0.9208217617493483,0.13160295486450196,0.029447605670000127,relu,8,0.0003,200,0.1,2,4,-3.5,"{'activ': 'relu', 'batch_size': 8, 'd_c': 0.0003, 'epochs': 200, 'l_r': 0.1, 'n_layer': 2, 'n_neur': 4, 'reg': -3.5}",-1.3785648942880688,-85.33659524734442,-106.67950748062383,-1.3420857460725875,-2.4607294008135794,-39.439496553828505,46.68027246519008,200
158,3.359099817276001,0.22395850925089142,0.1338130474090576,0.025679850914135573,relu,8,0.0003,200,0.1,2,4,-4,"{'activ': 'relu', 'batch_size': 8, 'd_c': 0.0003, 'epochs': 200, 'l_r': 0.1, 'n_layer': 2, 'n_neur': 4, 'reg': -4}",-3.1528479738294015,-1.8855769265265692,-106.66711222395922,-5.046703369844527,-112.00992931649088,-45.75243396213012,51.95504998358434,209
159,3.6289971828460694,0.055010689791448734,0.13093142509460448,0.021800259853201675,relu,8,0.0003,200,0.1,2,5,-3,"{'activ': 'relu', 'batch_size': 8, 'd_c': 0.0003, 'epochs': 200, 'l_r': 0.1, 'n_layer': 2, 'n_neur': 5, 'reg': -3}",-9.734495919375192,-1.2100085076831637,-1.9147980967093081,-2.64738697097415,-2.1366669572889805,-3.528671290406159,3.137112724335241,77
160,3.9762360572814943,1.0216419974166295,0.12528295516967775,0.042684523997812654,relu,8,0.0003,200,0.1,2,5,-3.5,"{'activ': 'relu', 'batch_size': 8, 'd_c': 0.0003, 'epochs': 200, 'l_r': 0.1, 'n_layer': 2, 'n_neur': 5, 'reg': -3.5}",-9.850418013653584,-1.7733869197822751,-3.590257704967544,-5.299891431860271,-3.6461835318710656,-4.832027520426949,2.746147860033082,86
161,3.797198247909546,0.9547068813747536,0.09376592636108398,0.009394558594762408,relu,8,0.0003,200,0.1,2,5,-4,"{'activ': 'relu', 'batch_size': 8, 'd_c': 0.0003, 'epochs': 200, 'l_r': 0.1, 'n_layer': 2, 'n_neur': 5, 'reg': -4}",-5.636929411973272,-1.2181758469059354,-2.201623871212914,-3.7714773615201316,-3.1062030281871555,-3.1868819039598817,1.4964979553405324,72
162,7.330527639389038,1.956272543354919,0.14446029663085938,0.03373629234348446,relu,8,0.0003,400,0.01,2,4,-3,"{'activ': 'relu', 'batch_size': 8, 'd_c': 0.0003, 'epochs': 400, 'l_r': 0.01, 'n_layer': 2, 'n_neur': 4, 'reg': -3}",-1.6694798591945852,-1.7281467467546463,-103.85891151428223,-0.4827922185262044,-2.020987457036972,-21.952063559158923,40.95680446814933,149
163,7.553930187225342,1.8335406659736686,0.13072576522827148,0.040790490261756504,relu,8,0.0003,400,0.01,2,4,-3.5,"{'activ': 'relu', 'batch_size': 8, 'd_c': 0.0003, 'epochs': 400, 'l_r': 0.01, 'n_layer': 2, 'n_neur': 4, 'reg': -3.5}",-96.00030115345726,-4.581603270777989,-1.3463448839306476,-1.9050744431359428,-1.3154359877109527,-21.02975194780256,37.504583453687104,139
164,6.636503124237061,2.569798789134651,0.1270505428314209,0.03934629260192903,relu,8,0.0003,400,0.01,2,4,-4,"{'activ': 'relu', 'batch_size': 8, 'd_c': 0.0003, 'epochs': 400, 'l_r': 0.01, 'n_layer': 2, 'n_neur': 4, 'reg': -4}",-2.7528822280111767,-1.8879388967262847,-1.213686939983052,-2.2038699445270358,-1.4517192254657858,-1.902019446942667,0.5462328050553906,36
165,6.738541841506958,0.06804954399307042,0.16758308410644532,0.011562005973924898,relu,8,0.0003,400,0.01,2,5,-3,"{'activ': 'relu', 'batch_size': 8, 'd_c': 0.0003, 'epochs': 400, 'l_r': 0.01, 'n_layer': 2, 'n_neur': 5, 'reg': -3}",-1.2434960132398243,-82.52835727873303,-1.5807103672552676,-2.296626925468445,-2.1153743723407388,-17.95291299140746,32.28990109093247,115
166,8.079843521118164,2.4319618122539364,0.09640917778015137,0.027074716743336776,relu,8,0.0003,400,0.01,2,5,-3.5,"{'activ': 'relu', 'batch_size': 8, 'd_c': 0.0003, 'epochs': 400, 'l_r': 0.01, 'n_layer': 2, 'n_neur': 5, 'reg': -3.5}",-96.00037124668737,-1.4802624279012282,-1.227821838787003,-5.20880840962664,-1.7058277668023947,-21.12461833796093,37.46615549164518,141
167,5.888627529144287,0.6740890380748435,0.1522697925567627,0.033267244703777475,relu,8,0.0003,400,0.01,2,5,-4,"{'activ': 'relu', 'batch_size': 8, 'd_c': 0.0003, 'epochs': 400, 'l_r': 0.01, 'n_layer': 2, 'n_neur': 5, 'reg': -4}",-0.6830646239575886,-1.4858079013370333,-1.2957646079649705,-1.0005695408298856,-1.7410775290103628,-1.2412568406199682,0.36935239692319,1
168,6.751751136779785,0.12732683064564176,0.13971805572509766,0.027264999738622613,relu,8,0.0003,400,0.03,2,4,-3,"{'activ': 'relu', 'batch_size': 8, 'd_c': 0.0003, 'epochs': 400, 'l_r': 0.03, 'n_layer': 2, 'n_neur': 4, 'reg': -3}",-1.6216225533280522,-3.840853180204119,-1.7641335206904583,-1.4466320534813262,-1.3748233769088984,-2.009612936922571,0.9256503411971477,42
169,6.732360744476319,0.1432092473595505,0.1211815357208252,0.00867993806902874,relu,8,0.0003,400,0.03,2,4,-3.5,"{'activ': 'relu', 'batch_size': 8, 'd_c': 0.0003, 'epochs': 400, 'l_r': 0.03, 'n_layer': 2, 'n_neur': 4, 'reg': -3.5}",-0.8193460677949977,-2.613976015931084,-106.66900610962573,-1.4264909386457432,-1.9651545647531747,-22.698794739350145,41.98928758331511,153
170,6.855165719985962,0.056174427932379055,0.1707183837890625,0.049895345598094505,relu,8,0.0003,400,0.03,2,4,-4,"{'activ': 'relu', 'batch_size': 8, 'd_c': 0.0003, 'epochs': 400, 'l_r': 0.03, 'n_layer': 2, 'n_neur': 4, 'reg': -4}",-2.0804783828290447,-2.2287328981217884,-106.66696922987467,-1.149451205773013,-112.00001670391066,-44.82512968410184,52.699149308290735,207
171,7.400648736953736,1.8914835247675552,0.12443270683288574,0.04680692289098621,relu,8,0.0003,400,0.03,2,5,-3,"{'activ': 'relu', 'batch_size': 8, 'd_c': 0.0003, 'epochs': 400, 'l_r': 0.03, 'n_layer': 2, 'n_neur': 5, 'reg': -3}",-3.2124350724431374,-2.791357129723543,-106.66674812793887,-2.025297769079251,-1.8540947344736196,-23.309986566731684,41.68133563009049,163
172,7.380784702301026,1.8737419460591123,0.14413418769836425,0.03350415294054701,relu,8,0.0003,400,0.03,2,5,-3.5,"{'activ': 'relu', 'batch_size': 8, 'd_c': 0.0003, 'epochs': 400, 'l_r': 0.03, 'n_layer': 2, 'n_neur': 5, 'reg': -3.5}",-0.5136687327841563,-1.6936075957048506,-96.18137995402019,-0.3622866805110659,-2.2747051429003475,-20.20512962118412,37.994892373045666,131
173,7.050067615509033,2.0155017303422755,0.11420221328735351,0.019139493526638327,relu,8,0.0003,400,0.03,2,5,-4,"{'activ': 'relu', 'batch_size': 8, 'd_c': 0.0003, 'epochs': 400, 'l_r': 0.03, 'n_layer': 2, 'n_neur': 5, 'reg': -4}",-1.3640873606228048,-0.9287650529295206,-1.6490506776386784,-1.260442359461671,-1.4036082620310482,-1.3211907425367446,0.2340141843212931,6
174,6.038613414764404,0.44327082724672945,0.13565292358398437,0.04077858479929981,relu,8,0.0003,400,0.1,2,4,-3,"{'activ': 'relu', 'batch_size': 8, 'd_c': 0.0003, 'epochs': 400, 'l_r': 0.1, 'n_layer': 2, 'n_neur': 4, 'reg': -3}",-96.01052298210561,-2.8334662453049706,-1.096914169711194,-55.01008206322079,-1.473525950871408,-31.284902282242797,38.371362050985894,186
175,6.686231899261474,0.07895560691704234,0.14596867561340332,0.020881844187217065,relu,8,0.0003,400,0.1,2,4,-3.5,"{'activ': 'relu', 'batch_size': 8, 'd_c': 0.0003, 'epochs': 400, 'l_r': 0.1, 'n_layer': 2, 'n_neur': 4, 'reg': -3.5}",-62.17249734061105,-85.35015469434715,-2.2101151262010847,-0.8892811621938433,-2.556997012346983,-30.635809067140023,35.970871575494606,185
176,8.340231609344482,2.1868568545655607,0.11567082405090331,0.040404351273737184,relu,8,0.0003,400,0.1,2,4,-4,"{'activ': 'relu', 'batch_size': 8, 'd_c': 0.0003, 'epochs': 400, 'l_r': 0.1, 'n_layer': 2, 'n_neur': 4, 'reg': -4}",-2.941227290601957,-1.6440198907983445,-1.2383779060272944,-74.67225935292386,-83.27362747192383,-32.75390238245505,37.83976728792226,188
177,5.568070268630981,0.9750420367761079,0.12833619117736816,0.03629326396412103,relu,8,0.0003,400,0.1,2,5,-3,"{'activ': 'relu', 'batch_size': 8, 'd_c': 0.0003, 'epochs': 400, 'l_r': 0.1, 'n_layer': 2, 'n_neur': 5, 'reg': -3}",-3.882287831178733,-1.9123348075719107,-4.085329815567959,-1.722126292774365,-112.01307206600904,-24.723030162620404,43.65586337125025,175
178,7.508661222457886,2.898010827450131,0.10504779815673829,0.015330303330513684,relu,8,0.0003,400,0.1,2,5,-3.5,"{'activ': 'relu', 'batch_size': 8, 'd_c': 0.0003, 'epochs': 400, 'l_r': 0.1, 'n_layer': 2, 'n_neur': 5, 'reg': -3.5}",-2.000959428648154,-0.8886173012710753,-1.5212910170888616,-4.240744646816027,-88.28501205444336,-19.387324889653495,34.467356273522654,126
179,7.103890895843506,1.9923405929723241,0.11041011810302734,0.01748699659418653,relu,8,0.0003,400,0.1,2,5,-4,"{'activ': 'relu', 'batch_size': 8, 'd_c': 0.0003, 'epochs': 400, 'l_r': 0.1, 'n_layer': 2, 'n_neur': 5, 'reg': -4}",-96.01019867230207,-6.288697015671503,-1.3463505569490648,-1.7177881424625714,-2.283504258655012,-21.529307729208043,37.282511584867834,144
180,4.180354833602905,1.272471200249323,0.10729742050170898,0.02175675612019111,relu,8,0.001,200,0.01,2,4,-3,"{'activ': 'relu', 'batch_size': 8, 'd_c': 0.001, 'epochs': 200, 'l_r': 0.01, 'n_layer': 2, 'n_neur': 4, 'reg': -3}",-7.793995819193134,-85.33395848803532,-1.873889117717876,-37.07810488485155,-1.417273106914945,-26.699444283342565,32.12050809750028,181
181,3.3945995330810548,0.11724090693994513,0.11645040512084961,0.03155370930631927,relu,8,0.001,200,0.01,2,4,-3.5,"{'activ': 'relu', 'batch_size': 8, 'd_c': 0.001, 'epochs': 200, 'l_r': 0.01, 'n_layer': 2, 'n_neur': 4, 'reg': -3.5}",-96.00007190104779,-14.530198843706222,-2.7694317734123963,-13.166898363725826,-7.348785869056883,-26.76307735018982,34.87368794894022,182
182,3.706140661239624,0.11040944379234209,0.1321807861328125,0.021760337494544382,relu,8,0.001,200,0.01,2,4,-4,"{'activ': 'relu', 'batch_size': 8, 'd_c': 0.001, 'epochs': 200, 'l_r': 0.01, 'n_layer': 2, 'n_neur': 4, 'reg': -4}",-6.532801765882011,-7.906874299049377,-1.2448800796825839,-29.95900522072112,-5.996605517994612,-10.32803337666594,10.068821091985692,96
183,3.93235764503479,0.9900005059005372,0.11460018157958984,0.03188745493499875,relu,8,0.001,200,0.01,2,5,-3,"{'activ': 'relu', 'batch_size': 8, 'd_c': 0.001, 'epochs': 200, 'l_r': 0.01, 'n_layer': 2, 'n_neur': 5, 'reg': -3}",-1.4526464229538327,-4.375895328586921,-1.9121847625467039,-30.74162146307173,-2.612288926821202,-8.218927380796078,11.30515457023895,91
184,3.7332027435302733,1.0300100222584052,0.1161534309387207,0.03045575639990358,relu,8,0.001,200,0.01,2,5,-3.5,"{'activ': 'relu', 'batch_size': 8, 'd_c': 0.001, 'epochs': 200, 'l_r': 0.01, 'n_layer': 2, 'n_neur': 5, 'reg': -3.5}",-1.4610473174668317,-85.33501879544929,-1.4206607604310626,-16.015098821549188,-1.4574328181159217,-21.137851702602457,32.59074100647921,142
185,3.648725652694702,0.08821418628883147,0.13394584655761718,0.023999196600817566,relu,8,0.001,200,0.01,2,5,-4,"{'activ': 'relu', 'batch_size': 8, 'd_c': 0.001, 'epochs': 200, 'l_r': 0.01, 'n_layer': 2, 'n_neur': 5, 'reg': -4}",-2.223043056956071,-6.299851789139211,-105.06896227882022,-11.119369703216112,-110.51832678318024,-47.04591072226238,49.71009806158414,211
186,4.480210638046264,1.196263530035574,0.1252525806427002,0.032879477098853825,relu,8,0.001,200,0.03,2,4,-3,"{'activ': 'relu', 'batch_size': 8, 'd_c': 0.001, 'epochs': 200, 'l_r': 0.03, 'n_layer': 2, 'n_neur': 4, 'reg': -3}",-1.2783546468819535,-81.83030046735492,-2.0224358013919774,-2.1334388965652105,-1.4637648574076594,-17.745658933920343,32.043953020311235,114
187,3.127152919769287,0.37791716388429314,0.12788743972778321,0.05425018605558626,relu,8,0.001,200,0.03,2,4,-3.5,"{'activ': 'relu', 'batch_size': 8, 'd_c': 0.001, 'epochs': 200, 'l_r': 0.03, 'n_layer': 2, 'n_neur': 4, 'reg': -3.5}",-1.608167488837526,-85.3348434397596,-1.3560457219857545,-2.174612482743604,-1.7641304636374115,-18.447559919392777,33.444698618481986,119
188,4.534297943115234,1.2673676684642492,0.12278728485107422,0.033387884080552474,relu,8,0.001,200,0.03,2,4,-4,"{'activ': 'relu', 'batch_size': 8, 'd_c': 0.001, 'epochs': 200, 'l_r': 0.03, 'n_layer': 2, 'n_neur': 4, 'reg': -4}",-96.00059573049657,-1.9826944124485766,-2.2519954298401164,-1.0894277025723742,-1.722563636302948,-20.609455382332122,37.69754040671079,135
189,3.1629734516143797,0.3792972669748619,0.13192553520202638,0.03910741117614015,relu,8,0.001,200,0.03,2,5,-3,"{'activ': 'relu', 'batch_size': 8, 'd_c': 0.001, 'epochs': 200, 'l_r': 0.03, 'n_layer': 2, 'n_neur': 5, 'reg': -3}",-2.540578479257723,-82.22130225953602,-2.0812823733625314,-74.66695613967993,-107.98893041610718,-53.89980993358868,43.547548031492475,212
190,3.7266454696655273,0.06139602295156001,0.14529848098754883,0.029674502472767244,relu,8,0.001,200,0.03,2,5,-3.5,"{'activ': 'relu', 'batch_size': 8, 'd_c': 0.001, 'epochs': 200, 'l_r': 0.03, 'n_layer': 2, 'n_neur': 5, 'reg': -3.5}",-1.6329222649468906,-1.7265578189066477,-1.992206110840752,-1.430998777172395,-2.4084859043359756,-1.838234175240532,0.33744915172540363,31
191,4.106389331817627,0.9553674768715498,0.13239789009094238,0.021488682410825688,relu,8,0.001,200,0.03,2,5,-4,"{'activ': 'relu', 'batch_size': 8, 'd_c': 0.001, 'epochs': 200, 'l_r': 0.03, 'n_layer': 2, 'n_neur': 5, 'reg': -4}",-2.207364412202012,-1.1034719433103288,-2.0147266871118474,-3.150666020477989,-1.259383998811245,-1.9471226123826846,0.7356009369877459,38
192,3.6828792572021483,0.07508342636005026,0.16055035591125488,0.044223357235886954,relu,8,0.001,200,0.1,2,4,-3,"{'activ': 'relu', 'batch_size': 8, 'd_c': 0.001, 'epochs': 200, 'l_r': 0.1, 'n_layer': 2, 'n_neur': 4, 'reg': -3}",-1.7313818230870224,-1.3998595658867132,-2.0111778062723933,-65.15924417404901,-1.4830159969627856,-14.356935873251587,25.402049230041495,97
193,3.9664589405059814,1.0917186405698558,0.12502131462097169,0.0276607097463267,relu,8,0.001,200,0.1,2,4,-3.5,"{'activ': 'relu', 'batch_size': 8, 'd_c': 0.001, 'epochs': 200, 'l_r': 0.1, 'n_layer': 2, 'n_neur': 4, 'reg': -3.5}",-1.2854402251098127,-2.4211362780382237,-1.499911713025843,-2.8315606521708623,-2.016189304878935,-2.0108476346447355,0.5708251198544287,43
194,3.5870867729187013,0.17104160430699308,0.13094563484191896,0.03442047489076342,relu,8,0.001,200,0.1,2,4,-4,"{'activ': 'relu', 'batch_size': 8, 'd_c': 0.001, 'epochs': 200, 'l_r': 0.1, 'n_layer': 2, 'n_neur': 4, 'reg': -4}",-4.207622371968769,-1.44208734611138,-106.66761623726536,-74.67828200482542,-3.953115883655846,-38.18974476876535,44.040785543729946,196
195,3.6931313037872315,0.07629756474129025,0.11532063484191894,0.010574249487841298,relu,8,0.001,200,0.1,2,5,-3,"{'activ': 'relu', 'batch_size': 8, 'd_c': 0.001, 'epochs': 200, 'l_r': 0.1, 'n_layer': 2, 'n_neur': 5, 'reg': -3}",-74.69305312074721,-1.2110395019962674,-2.5717142585088455,-1.194220555325349,-2.0518578763236293,-16.344377062580257,29.17901811597495,103
196,4.158530187606812,0.9481304906988008,0.13534102439880372,0.026476677987245272,relu,8,0.001,200,0.1,2,5,-3.5,"{'activ': 'relu', 'batch_size': 8, 'd_c': 0.001, 'epochs': 200, 'l_r': 0.1, 'n_layer': 2, 'n_neur': 5, 'reg': -3.5}",-1.4171547479705797,-1.138239222623053,-1.7652233310398602,-1.6583462375260534,-1.6263050980865956,-1.5210537274492282,0.22221063102554758,15
197,3.3637351036071776,0.24380176147801588,0.1260930061340332,0.02778247698138562,relu,8,0.001,200,0.1,2,5,-4,"{'activ': 'relu', 'batch_size': 8, 'd_c': 0.001, 'epochs': 200, 'l_r': 0.1, 'n_layer': 2, 'n_neur': 5, 'reg': -4}",-2.2896195007820745,-1.9132261588459922,-4.612290952953377,-2.879758153465532,-1.3135495746973902,-2.6016888681488735,1.126988402987342,57
198,8.066328191757203,2.6285769767970755,0.09805779457092285,0.012272369538203256,relu,8,0.001,400,0.01,2,4,-3,"{'activ': 'relu', 'batch_size': 8, 'd_c': 0.001, 'epochs': 400, 'l_r': 0.01, 'n_layer': 2, 'n_neur': 4, 'reg': -3}",-0.5904953609908608,-8.292076394671486,-0.8025332657416584,-1.199297465738796,-112.00000862875604,-24.57688222317977,43.80656531512497,174
199,7.507075452804566,2.744804977572085,0.09954628944396973,0.012843153535119974,relu,8,0.001,400,0.01,2,4,-3.5,"{'activ': 'relu', 'batch_size': 8, 'd_c': 0.001, 'epochs': 400, 'l_r': 0.01, 'n_layer': 2, 'n_neur': 4, 'reg': -3.5}",-1.1477774334239907,-85.33378995620713,-1.2907665105248314,-74.66672688924761,-1.5228343257214874,-32.79237902302501,38.6925773199457,189
200,7.387436819076538,2.985284580438016,0.14949121475219726,0.08605022702250317,relu,8,0.001,400,0.01,2,4,-4,"{'activ': 'relu', 'batch_size': 8, 'd_c': 0.001, 'epochs': 400, 'l_r': 0.01, 'n_layer': 2, 'n_neur': 4, 'reg': -4}",-0.9113591885293967,-1.6800874710149531,-1.737948192272424,-9.969137762096667,-1.262016192721785,-3.112109761327045,3.4416272359864806,70
201,5.631924438476562,0.7918441777513215,0.1255781650543213,0.04997291943418897,relu,8,0.001,400,0.01,2,5,-3,"{'activ': 'relu', 'batch_size': 8, 'd_c': 0.001, 'epochs': 400, 'l_r': 0.01, 'n_layer': 2, 'n_neur': 5, 'reg': -3}",-1.681528647740682,-1.4528675703775316,-1.7557942078107902,-73.1430066426595,-1.334677526174346,-15.87357491895257,28.63511849935116,100
202,7.025028085708618,0.29429965997129104,0.13467154502868653,0.025286475848623088,relu,8,0.001,400,0.01,2,5,-3.5,"{'activ': 'relu', 'batch_size': 8, 'd_c': 0.001, 'epochs': 400, 'l_r': 0.01, 'n_layer': 2, 'n_neur': 5, 'reg': -3.5}",-2.7361250321985047,-1.0315259809916217,-0.9183108599224526,-1.5567515691121419,-2.528560018539429,-1.75425469215283,0.7515004281201231,25
203,7.287583208084106,1.8956724344077784,0.10549983978271485,0.014609550359436929,relu,8,0.001,400,0.01,2,5,-4,"{'activ': 'relu', 'batch_size': 8, 'd_c': 0.001, 'epochs': 400, 'l_r': 0.01, 'n_layer': 2, 'n_neur': 5, 'reg': -4}",-5.548678014269432,-4.2692798830214,-1.2607711199338414,-5.794402761118753,-1.2558597454917617,-3.625798304767037,2.00121675820572,78
204,7.877467155456543,2.5318072125137663,0.08447566032409667,0.012443673568518374,relu,8,0.001,400,0.03,2,4,-3,"{'activ': 'relu', 'batch_size': 8, 'd_c': 0.001, 'epochs': 400, 'l_r': 0.03, 'n_layer': 2, 'n_neur': 4, 'reg': -3}",-1.1462889842334247,-2.5037032656726383,-1.920532231862169,-1.0955852445414556,-1.8662407281517517,-1.706470090892288,0.5279987044408139,22
205,6.766214227676391,2.3173989385245144,0.12642102241516112,0.021888639151267503,relu,8,0.001,400,0.03,2,4,-3.5,"{'activ': 'relu', 'batch_size': 8, 'd_c': 0.001, 'epochs': 400, 'l_r': 0.03, 'n_layer': 2, 'n_neur': 4, 'reg': -3.5}",-0.6072645767458847,-1.069897154257411,-1.44180229306221,-1.990111926260094,-2.172679862752557,-1.4563511626156314,0.577673568710139,8
206,6.079251766204834,0.3952099581889398,0.12515678405761718,0.019800314944754885,relu,8,0.001,400,0.03,2,4,-4,"{'activ': 'relu', 'batch_size': 8, 'd_c': 0.001, 'epochs': 400, 'l_r': 0.03, 'n_layer': 2, 'n_neur': 4, 'reg': -4}",-1.3498450698541655,-2.20660383633471,-1.2481401877566463,-2.7496058675904003,-1.4900798223912717,-1.8088549567854386,0.577914381578925,27
207,7.130209875106812,2.003331303545966,0.10921101570129395,0.013551551561861802,relu,8,0.001,400,0.03,2,5,-3,"{'activ': 'relu', 'batch_size': 8, 'd_c': 0.001, 'epochs': 400, 'l_r': 0.03, 'n_layer': 2, 'n_neur': 5, 'reg': -3}",-1.7542925420261564,-1.422260916836205,-1.5807594202813648,-1.386742592689448,-1.7693373490124942,-1.5826785641691337,0.1602630768230116,18
208,6.658620548248291,0.27281931086098693,0.1446971893310547,0.06794900130944592,relu,8,0.001,400,0.03,2,5,-3.5,"{'activ': 'relu', 'batch_size': 8, 'd_c': 0.001, 'epochs': 400, 'l_r': 0.03, 'n_layer': 2, 'n_neur': 5, 'reg': -3.5}",-2.770421191102027,-80.31697236923944,-1.5162895869108892,-0.7968543338190232,-1.6055141288030428,-17.401210321974883,31.464241504755005,110
209,7.12193078994751,0.14581584443205475,0.14758896827697754,0.027033610328002673,relu,8,0.001,400,0.03,2,5,-4,"{'activ': 'relu', 'batch_size': 8, 'd_c': 0.001, 'epochs': 400, 'l_r': 0.03, 'n_layer': 2, 'n_neur': 5, 'reg': -4}",-3.734076874596732,-1.3695282233890058,-1.0765900147699063,-1.5033499642851806,-1.5038119062781334,-1.8374713966637917,0.9610400009106399,30
210,6.805745792388916,0.10882436251415538,0.15103306770324706,0.0360558530677951,relu,8,0.001,400,0.1,2,4,-3,"{'activ': 'relu', 'batch_size': 8, 'd_c': 0.001, 'epochs': 400, 'l_r': 0.1, 'n_layer': 2, 'n_neur': 4, 'reg': -3}",-1.3037017414878522,-0.9421978616377428,-1.226243844699292,-1.9489477835595608,-112.00229770131409,-23.48467778653971,44.260035434140285,166
211,8.307656574249268,2.2214948491197744,0.09584460258483887,0.023785841534225874,relu,8,0.001,400,0.1,2,4,-3.5,"{'activ': 'relu', 'batch_size': 8, 'd_c': 0.001, 'epochs': 400, 'l_r': 0.1, 'n_layer': 2, 'n_neur': 4, 'reg': -3.5}",-1.5324496362286264,-2.5889130970740335,-106.66708664805628,-74.66760744169976,-44.79897254249081,-46.0510058731099,40.903892428961655,210
212,6.468375539779663,2.3950630096384837,0.11287312507629395,0.02333318326116338,relu,8,0.001,400,0.1,2,4,-4,"{'activ': 'relu', 'batch_size': 8, 'd_c': 0.001, 'epochs': 400, 'l_r': 0.1, 'n_layer': 2, 'n_neur': 4, 'reg': -4}",-3.525502725083026,-1.7460799224319912,-2.92818610476596,-1.2978916349155563,-1.655971584096551,-2.230726394258617,0.84832797635598,51
213,7.865911912918091,2.4599924891262384,0.0939223289489746,0.012628256993291577,relu,8,0.001,400,0.1,2,5,-3,"{'activ': 'relu', 'batch_size': 8, 'd_c': 0.001, 'epochs': 400, 'l_r': 0.1, 'n_layer': 2, 'n_neur': 5, 'reg': -3}",-2.1280575901536003,-85.34295354180392,-2.05341549903997,-2.1263433868686357,-4.036894447496161,-19.13753289307246,33.1111971706526,125
214,5.586254215240478,1.1008592076951533,0.15919084548950196,0.05749668009724901,relu,8,0.001,400,0.1,2,5,-3.5,"{'activ': 'relu', 'batch_size': 8, 'd_c': 0.001, 'epochs': 400, 'l_r': 0.1, 'n_layer': 2, 'n_neur': 5, 'reg': -3.5}",-0.5560423292751823,-85.33566562891272,-1.2659136572231848,-1.4922917052393867,-1.2129348311806099,-17.972569630366216,33.682990955779125,116
215,7.329446315765381,2.007530635494192,0.10628976821899414,0.04909637217623429,relu,8,0.001,400,0.1,2,5,-4,"{'activ': 'relu', 'batch_size': 8, 'd_c': 0.001, 'epochs': 400, 'l_r': 0.1, 'n_layer': 2, 'n_neur': 5, 'reg': -4}",-1.192050953229357,-1.6791458704641886,-1.6220742912430848,-1.120302171579429,-1.734357378911227,-1.4695861330854574,0.25934409434100525,10
